latitude,longitude,place,cluster
-3.5754,101.5892,"79 km WNW of Bengkulu, Indonesia",1
0.9206,98.5198,"95 km SSW of Sibolga, Indonesia",1
0.2081,96.709,"253 km S of Sinabang, Indonesia",0
-4.9203,102.9791,"103 km SSW of Pagar Alam, Indonesia",1
4.4134,95.433,"82 km WNW of Meulaboh, Indonesia",1
2.9309,95.3897,"120 km WNW of Sinabang, Indonesia",0
-3.1615,100.4063,"164 km SW of Sungai Penuh, Indonesia",0
-3.2114,100.1976,"184 km SW of Sungai Penuh, Indonesia",0
1.8228,96.9785,"98 km SE of Sinabang, Indonesia",0
-2.8938,101.0849,"98 km SSW of Sungai Penuh, Indonesia",0
-4.56,102.6323,"90 km SW of Pagar Alam, Indonesia",1
-4.2753,102.4086,"54 km SSE of Bengkulu, Indonesia",1
-4.8293,102.9678,"94 km SSW of Pagar Alam, Indonesia",1
-5.8666,101.7682,"235 km SSW of Bengkulu, Indonesia",0
0.1364,96.6442,"260 km S of Sinabang, Indonesia",0
-1.9554,99.7862,"127 km SSW of Padang, Indonesia",0
-2.3244,99.79,"Kepulauan Mentawai region, Indonesia",0
0.1831,96.5601,"254 km S of Sinabang, Indonesia",0
0.1975,96.6432,"254 km S of Sinabang, Indonesia",0
-4.5491,102.6262,"90 km SW of Pagar Alam, Indonesia",1
-1.7567,99.2329,"153 km SW of Padang, Indonesia",0
1.0728,98.8358,"59 km SW of Padangsidempuan, Indonesia",1
-5.6856,101.6495,"219 km SSW of Bengkulu, Indonesia",0
-5.6388,101.6825,"213 km SSW of Bengkulu, Indonesia",0
-5.6093,101.6854,"210 km SSW of Bengkulu, Indonesia",0
-4.4396,102.533,"76 km SSE of Bengkulu, Indonesia",1
-4.3366,102.6881,"70 km WSW of Pagar Alam, Indonesia",1
-4.4368,101.0761,"149 km WSW of Bengkulu, Indonesia",0
3.067,96.1349,"70 km NNW of Sinabang, Indonesia",0
-5.0092,102.93,"114 km SSW of Pagar Alam, Indonesia",1
-1.8125,100.4271,"95 km S of Padang, Indonesia",0
-2.6706,99.3227,"222 km SSW of Padang, Indonesia",0
-3.3354,100.3183,"185 km SW of Sungai Penuh, Indonesia",0
-3.3848,100.3604,"186 km SW of Sungai Penuh, Indonesia",0
-3.3684,100.2706,"191 km SW of Sungai Penuh, Indonesia",0
-3.4021,100.2732,"193 km SW of Sungai Penuh, Indonesia",0
-3.2733,100.4042,"173 km SW of Sungai Penuh, Indonesia",0
-3.2572,100.3043,"179 km SW of Sungai Penuh, Indonesia",0
-3.1911,100.3854,"168 km SW of Sungai Penuh, Indonesia",0
-1.14,98.4985,"189 km WSW of Pariaman, Indonesia",0
-4.4773,102.5889,"83 km SSE of Bengkulu, Indonesia",1
-4.0266,101.0051,"142 km W of Bengkulu, Indonesia",0
-4.0808,100.9938,"144 km WSW of Bengkulu, Indonesia",0
-4.4556,100.9629,"161 km WSW of Bengkulu, Indonesia",0
-4.2069,101.2411,"122 km WSW of Bengkulu, Indonesia",0
-4.3217,101.1347,"138 km WSW of Bengkulu, Indonesia",0
-1.7797,100.1815,"93 km SSW of Padang, Indonesia",1
1.7181,97.053,"103 km SW of Singkil, Indonesia",0
-2.4966,99.5207,"194 km SSW of Padang, Indonesia",0
2.8254,95.753,"79 km WNW of Sinabang, Indonesia",0
-5.837,103.0187,"201 km S of Pagar Alam, Indonesia",0
-5.2218,102.2091,"157 km S of Bengkulu, Indonesia",0
-2.9219,101.0474,"103 km SSW of Sungai Penuh, Indonesia",1
2.3481,96.3575,"14 km S of Sinabang, Indonesia",0
-2.9702,100.9448,"112 km SSW of Sungai Penuh, Indonesia",0
-0.9072,97.9212,"246 km W of Pariaman, Indonesia",0
-1.8917,100.2621,"104 km S of Padang, Indonesia",1
0.8354,97.3996,"166 km SSW of Singkil, Indonesia",0
-2.638,99.5867,"205 km SSW of Padang, Indonesia",0
1.3243,96.9811,"139 km SW of Singkil, Indonesia",0
-4.4307,101.1328,"143 km WSW of Bengkulu, Indonesia",0
-4.482,101.1948,"140 km WSW of Bengkulu, Indonesia",0
-3.0402,101.3029,"109 km S of Sungai Penuh, Indonesia",1
-0.7389,99.391,"82 km W of Pariaman, Indonesia",0
-2.7267,100.2171,"150 km WSW of Sungai Penuh, Indonesia",0
0.3426,97.7429,"192 km SW of Sibolga, Indonesia",0
0.378,97.7223,"191 km SW of Sibolga, Indonesia",0
0.6454,98.4492,"122 km SW of Padangsidempuan, Indonesia",1
-4.2655,102.143,"53 km SSW of Bengkulu, Indonesia",1
1.9092,97.8292,"42 km S of Singkil, Indonesia",1
-1.3226,101.5784,"83 km NNE of Sungai Penuh, Indonesia",0
-0.4203,98.0357,"233 km W of Pariaman, Indonesia",0
-2.9676,100.0958,"175 km SW of Sungai Penuh, Indonesia",0
-2.7308,100.3019,"142 km WSW of Sungai Penuh, Indonesia",0
-2.8764,100.1326,"166 km WSW of Sungai Penuh, Indonesia",0
-2.876,100.0594,"173 km WSW of Sungai Penuh, Indonesia",0
-2.8462,100.0743,"170 km WSW of Sungai Penuh, Indonesia",0
-2.8248,100.0068,"175 km WSW of Sungai Penuh, Indonesia",0
-3.3932,101.2762,"118 km WNW of Bengkulu, Indonesia",0
3.9401,95.8773,"35 km SW of Meulaboh, Indonesia",1
-2.4525,99.6762,"182 km SSW of Padang, Indonesia",0
1.0774,97.3382,"142 km SSW of Singkil, Indonesia",0
-1.5499,98.7547,"183 km SW of Pariaman, Indonesia",0
-3.5268,101.5194,"88 km WNW of Bengkulu, Indonesia",1
0.3226,97.1598,"228 km SSW of Singkil, Indonesia",0
0.2267,96.9976,"244 km SSW of Singkil, Indonesia",0
-3.7587,101.8213,"49 km W of Bengkulu, Indonesia",1
-4.9123,102.9571,"103 km SSW of Pagar Alam, Indonesia",1
-5.2755,102.3876,"163 km S of Bengkulu, Indonesia",1
0.821,96.8947,"190 km SSW of Singkil, Indonesia",0
1.0406,97.3762,"145 km SSW of Singkil, Indonesia",0
-2.294,99.468,"178 km SSW of Padang, Indonesia",0
-0.9686,100.7688,"22 km SE of Solok, Indonesia",0
-1.6945,99.8389,"100 km SW of Padang, Indonesia",0
-5.7941,103.3884,"196 km S of Pagar Alam, Indonesia",0
-2.8132,100.2067,"156 km WSW of Sungai Penuh, Indonesia",0
-1.9309,98.6411,"219 km WSW of Padang, Indonesia",0
-1.9281,98.6717,"216 km WSW of Padang, Indonesia",0
-1.9469,98.6868,"215 km WSW of Padang, Indonesia",0
-2.0196,98.5876,"229 km WSW of Padang, Indonesia",0
-4.26,102.4143,"53 km SSE of Bengkulu, Indonesia",1
2.5574,95.9851,"44 km W of Sinabang, Indonesia",0
-4.5415,102.8449,"72 km SW of Pagar Alam, Indonesia",1
0.998,98.7382,"72 km SW of Padangsidempuan, Indonesia",1
4.7466,96.194,"52 km S of Reuleuet, Indonesia",0
-5.028,102.9493,"115 km SSW of Pagar Alam, Indonesia",1
-3.1108,102.1648,"56 km NW of Curup, Indonesia",1
-1.159,99.6881,"76 km SW of Pariaman, Indonesia",1
-2.2958,99.891,"157 km SSW of Padang, Indonesia",0
-3.7682,101.6228,"71 km W of Bengkulu, Indonesia",0
-4.3959,101.9417,"75 km SSW of Bengkulu, Indonesia",1
-5.6622,101.3798,"228 km SSW of Bengkulu, Indonesia",0
-4.1281,102.1165,"39 km SSW of Bengkulu, Indonesia",1
-5.5441,102.7462,"176 km SSW of Pagar Alam, Indonesia",1
3.931,95.8694,"37 km SW of Meulaboh, Indonesia",1
0.7853,98.4838,"109 km SW of Padangsidempuan, Indonesia",1
-2.1582,99.6342,"155 km SSW of Padang, Indonesia",0
-3.0394,101.5421,"110 km S of Sungai Penuh, Indonesia",1
-4.3584,102.3654,"62 km S of Bengkulu, Indonesia",1
0.6114,98.4164,"127 km SW of Padangsidempuan, Indonesia",1
3.6425,95.8593,"62 km SSW of Meulaboh, Indonesia",1
-4.2072,102.0171,"52 km SSW of Bengkulu, Indonesia",1
2.3937,95.2982,"120 km W of Sinabang, Indonesia",0
5.2456,96.1497,"15 km WNW of Reuleuet, Indonesia",0
5.2964,96.066,"15 km SE of Sigli, Indonesia",0
3.3168,98.4696,"14 km NNW of Berastagi, Indonesia",0
-5.2669,102.7235,"southern Sumatra, Indonesia",0
-1.7147,100.3498,"84 km S of Padang, Indonesia",1
5.2296,96.1855,"10 km W of Reuleuet, Indonesia",0
5.2834,96.1678,"14 km WNW of Reuleuet, Indonesia",0
3.4883,96.6866,"95 km SE of Meulaboh, Indonesia",1
2.8781,95.4706,"110 km WNW of Sinabang, Indonesia",0
-4.4346,102.7537,"71 km SW of Pagar Alam, Indonesia",1
-4.9064,101.7667,"134 km SSW of Bengkulu, Indonesia",0
0.5533,98.6145,"117 km SW of Padangsidempuan, Indonesia",0
-2.9097,100.1775,"164 km SW of Sungai Penuh, Indonesia",0
-5.1358,102.8007,"132 km SSW of Pagar Alam, Indonesia",1
-5.9627,104.164,"135 km WSW of Bandar Lampung, Indonesia",1
2.0141,96.7462,"65 km SE of Sinabang, Indonesia",0
0.0313,100.0902,"48 km NW of Bukittinggi, Indonesia",0
0.984,97.4066,"150 km SSW of Singkil, Indonesia",0
-2.1865,99.4112,"172 km SW of Padang, Indonesia",0
-3.3293,101.2686,"122 km WNW of Bengkulu, Indonesia",0
-2.0967,100.6654,"80 km W of Sungai Penuh, Indonesia",1
0.4499,97.9707,"168 km SSW of Sibolga, Indonesia",0
-4.1489,102.211,"39 km S of Bengkulu, Indonesia",0
3.1211,96.2001,"73 km NNW of Sinabang, Indonesia",0
2.0699,96.6882,"56 km SE of Sinabang, Indonesia",0
-0.4798,99.2857,"94 km W of Pariaman, Indonesia",1
2.8539,96.5417,"45 km NNE of Sinabang, Indonesia",1
0.7863,98.8905,"78 km SSW of Padangsidempuan, Indonesia",1
0.5827,98.0365,"152 km SSW of Sibolga, Indonesia",0
-1.454,97.0565,"southwest of Sumatra, Indonesia",0
2.2936,96.337,"21 km SSW of Sinabang, Indonesia",0
-3.7469,101.7758,"54 km W of Bengkulu, Indonesia",1
4.6798,95.1216,"98 km SSW of Banda Aceh, Indonesia",1
-4.7858,103.0184,"87 km SSW of Pagar Alam, Indonesia",0
1.5404,97.9026,"83 km S of Singkil, Indonesia",0
-5.6841,102.4776,"202 km SSW of Pagar Alam, Indonesia",0
-4.4567,102.6599,"80 km SW of Pagar Alam, Indonesia",1
0.2059,96.9588,"247 km SSW of Singkil, Indonesia",0
-0.7789,98.7161,"157 km W of Pariaman, Indonesia",0
1.3368,97.2402,"121 km SSW of Singkil, Indonesia",0
-5.3762,102.4643,"172 km SSW of Pagar Alam, Indonesia",0
-4.762,102.7939,"95 km SSW of Pagar Alam, Indonesia",1
2.5913,96.0946,"34 km WNW of Sinabang, Indonesia",1
2.7185,95.7664,"73 km WNW of Sinabang, Indonesia",0
-3.8295,100.1432,"235 km W of Bengkulu, Indonesia",0
2.7693,96.155,"40 km NW of Sinabang, Indonesia",1
1.6469,97.9208,"72 km SSE of Singkil, Indonesia",0
1.0484,97.221,"150 km SSW of Singkil, Indonesia",0
-4.6839,102.4717,"100 km SSE of Bengkulu, Indonesia",1
1.1309,97.2441,"141 km SSW of Singkil, Indonesia",0
1.1462,97.2556,"139 km SSW of Singkil, Indonesia",0
0.156,98.6285,"153 km SSW of Padangsidempuan, Indonesia",1
-2.1663,100.0392,"139 km SSW of Padang, Indonesia",1
1.9335,96.9388,"86 km SE of Sinabang, Indonesia",0
1.1765,97.0662,"146 km SSW of Singkil, Indonesia",0
-4.9819,102.9751,"110 km SSW of Pagar Alam, Indonesia",1
1.8734,97.8773,"46 km SSE of Singkil, Indonesia",1
1.9623,97.9671,"41 km SSE of Singkil, Indonesia",0
0.6258,98.3891,"128 km SW of Padangsidempuan, Indonesia",1
-5.2416,102.2802,"159 km S of Bengkulu, Indonesia",1
-3.9902,100.4282,"205 km W of Bengkulu, Indonesia",0
1.2069,97.2622,"133 km SSW of Singkil, Indonesia",0
1.0765,97.2362,"147 km SSW of Singkil, Indonesia",0
-5.9326,105.3544,"56 km S of Bandar Lampung, Indonesia",1
-5.7271,101.9974,"215 km S of Bengkulu, Indonesia",0
2.0338,96.6783,"59 km SE of Sinabang, Indonesia",0
2.044,96.8261,"69 km SE of Sinabang, Indonesia",0
0.2604,98.562,"146 km SSW of Padangsidempuan, Indonesia",1
1.2945,97.1165,"132 km SW of Singkil, Indonesia",0
5.1033,95.9709,"31 km S of Sigli, Indonesia",0
-1.9733,100.37,"113 km S of Padang, Indonesia",1
3.9633,95.8634,"35 km SW of Meulaboh, Indonesia",1
-5.7979,103.0884,"196 km S of Pagar Alam, Indonesia",0
-2.0273,100.7661,"69 km W of Sungai Penuh, Indonesia",1
1.1821,95.8566,"154 km SSW of Sinabang, Indonesia",0
-4.7331,103.0449,"81 km SSW of Pagar Alam, Indonesia",1
-3.2883,100.4032,"175 km SW of Sungai Penuh, Indonesia",0
-3.607,101.509,"86 km WNW of Bengkulu, Indonesia",1
5.375,97.969,"93 km ENE of Lhokseumawe, Indonesia",0
-3.395,100.344,"188 km SW of Sungai Penuh, Indonesia",0
-3.359,100.458,"177 km SW of Sungai Penuh, Indonesia",0
-3.269,100.564,"162 km SW of Sungai Penuh, Indonesia",0
4.65,96.705,"61 km S of Bireun, Indonesia",0
4.664,96.65,"59 km S of Bireun, Indonesia",0
4.645,96.665,"61 km S of Bireun, Indonesia",0
-1.78,100.281,"92 km S of Padang, Indonesia",0
-4.942,102.381,"126 km S of Bengkulu, Indonesia",1
-3.952,99.495,"297 km SW of Sungai Penuh, Indonesia",0
3.886,95.918,"36 km SW of Meulaboh, Indonesia",1
-2.249,99.691,"161 km SSW of Padang, Indonesia",0
-2.99,101.297,"103 km S of Sungai Penuh, Indonesia",1
-1.537,100.279,"65 km S of Padang, Indonesia",0
-5.063,103.024,"117 km SSW of Pagar Alam, Indonesia",1
4.927,95.907,"50 km S of Sigli, Indonesia",0
-4.535,102.826,"73 km SW of Pagar Alam, Indonesia",0
0.886,97.464,"159 km SSW of Singkil, Indonesia",0
0.88,98.381,"105 km SSW of Sibolga, Indonesia",1
1.265,97.229,"129 km SSW of Singkil, Indonesia",0
-0.429,97.672,"267 km SW of Padangsidempuan, Indonesia",0
-3.319,100.594,"165 km SSW of Sungai Penuh, Indonesia",0
-4.749,102.995,"84 km SSW of Pagar Alam, Indonesia",1
4.857,96.296,"39 km S of Reuleuet, Indonesia",0
2.707,96.045,"44 km NW of Sinabang, Indonesia",0
-4.381,102.794,"63 km SW of Pagar Alam, Indonesia",1
-3.638,100.591,"186 km W of Bengkulu, Indonesia",1
-4.928,103.194,"100 km S of Pagar Alam, Indonesia",1
-2.921,100.99,"105 km SSW of Sungai Penuh, Indonesia",1
-2.82,100.155,"161 km WSW of Sungai Penuh, Indonesia",0
-4.9,103.03,"99 km SSW of Pagar Alam, Indonesia",1
-3.338,100.439,"176 km SW of Sungai Penuh, Indonesia",0
-3.346,100.452,"176 km SW of Sungai Penuh, Indonesia",0
-3.345,100.426,"178 km SW of Sungai Penuh, Indonesia",0
4.616,95.115,"105 km SSW of Banda Aceh, Indonesia",1
-4.403,101.235,"132 km WSW of Bengkulu, Indonesia",0
4.197,97.062,"104 km E of Meulaboh, Indonesia",1
-4.695,103.103,"75 km SSW of Pagar Alam, Indonesia",0
2.072,96.647,"54 km SSE of Sinabang, Indonesia",0
2.07,96.678,"56 km SE of Sinabang, Indonesia",0
2.405,96.273,"14 km SW of Sinabang, Indonesia",0
4.547,96.419,"55 km NE of Meulaboh, Indonesia",0
-5.841,104.341,"111 km WSW of Bandar Lampung, Indonesia",1
0.032,97.225,"256 km SW of Sibolga, Indonesia",0
-4.323,102.176,"58 km S of Bengkulu, Indonesia",1
0.175,97.874,"200 km SSW of Sibolga, Indonesia",0
-2.288,99.514,"175 km SSW of Padang, Indonesia",0
-2.266,99.448,"177 km SW of Padang, Indonesia",0
-2.219,99.446,"172 km SW of Padang, Indonesia",0
-3.249,101.345,"119 km WNW of Bengkulu, Indonesia",0
-2.456,99.94,"167 km WSW of Sungai Penuh, Indonesia",0
2.448,96.18,"22 km W of Sinabang, Indonesia",0
-3.796,100.616,"183 km W of Bengkulu, Indonesia",0
-4.835,102.794,"102 km SSW of Pagar Alam, Indonesia",1
-2.909,101.092,"100 km SSW of Sungai Penuh, Indonesia",1
-2.837,101.09,"92 km SSW of Sungai Penuh, Indonesia",0
-3.413,100.191,"200 km SW of Sungai Penuh, Indonesia",0
1.402,97.062,"126 km SW of Singkil, Indonesia",0
1.423,97.166,"118 km SW of Singkil, Indonesia",0
-5.044,101.889,"143 km SSW of Bengkulu, Indonesia",0
-1.843,100.145,"101 km SSW of Padang, Indonesia",1
-3.247,101.361,"117 km WNW of Bengkulu, Indonesia",1
1.844,99.109,"38 km ENE of Sibolga, Indonesia",0
1.831,99.225,"50 km N of Padangsidempuan, Indonesia",0
1.171,96.78,"151 km SSE of Sinabang, Indonesia",0
-5.704,103.493,"182 km WSW of Kotabumi, Indonesia",0
-4.178,102.265,"41 km S of Bengkulu, Indonesia",1
-5.272,102.424,"163 km S of Bengkulu, Indonesia",0
-4.893,101.848,"129 km SSW of Bengkulu, Indonesia",0
-3.528,100.631,"183 km SSW of Sungai Penuh, Indonesia",0
4.032,95.756,"42 km WSW of Meulaboh, Indonesia",1
1.612,97.086,"108 km SW of Singkil, Indonesia",0
-4.424,101.123,"144 km WSW of Bengkulu, Indonesia",0
3.973,95.958,"26 km SW of Meulaboh, Indonesia",1
-3.047,100.996,"118 km SSW of Sungai Penuh, Indonesia",1
1.36,97.198,"121 km SSW of Singkil, Indonesia",0
1.898,97.886,"44 km SSE of Singkil, Indonesia",1
2.205,96.829,"58 km ESE of Sinabang, Indonesia",0
-4.247,102.141,"51 km SSW of Bengkulu, Indonesia",1
2.903,95.516,"106 km WNW of Sinabang, Indonesia",0
2.887,95.521,"105 km WNW of Sinabang, Indonesia",0
2.632,96.404,"16 km N of Sinabang, Indonesia",0
-5.03,102.647,"129 km SSW of Pagar Alam, Indonesia",0
2.399,96.285,"13 km SW of Sinabang, Indonesia",0
2.369,96.269,"17 km SW of Sinabang, Indonesia",0
2.491,96.28,"11 km W of Sinabang, Indonesia",0
-2.654,99.996,"168 km WSW of Sungai Penuh, Indonesia",0
-4.458,101.428,"118 km SW of Bengkulu, Indonesia",0
3.931,95.916,"33 km SW of Meulaboh, Indonesia",1
2.715,95.893,"60 km WNW of Sinabang, Indonesia",0
-3.112,101.266,"117 km S of Sungai Penuh, Indonesia",1
-1.735,99.417,"135 km SW of Padang, Indonesia",0
-3.456,100.043,"215 km SW of Sungai Penuh, Indonesia",0
-3.423,99.648,"245 km SW of Sungai Penuh, Indonesia",0
-2.36,99.853,"165 km SSW of Padang, Indonesia",0
-3.783,99.623,"274 km SW of Sungai Penuh, Indonesia",0
-3.597,99.789,"246 km SW of Sungai Penuh, Indonesia",0
-2.494,99.918,"170 km WSW of Sungai Penuh, Indonesia",0
-3.698,99.749,"257 km SW of Sungai Penuh, Indonesia",0
-3.262,100.261,"183 km SW of Sungai Penuh, Indonesia",0
-3.411,99.476,"260 km SW of Sungai Penuh, Indonesia",0
-3.301,100.463,"172 km SW of Sungai Penuh, Indonesia",0
-2.809,100.093,"166 km WSW of Sungai Penuh, Indonesia",0
-2.963,100.504,"140 km SW of Sungai Penuh, Indonesia",0
-2.958,100.372,"150 km SW of Sungai Penuh, Indonesia",0
-3.414,99.938,"220 km SW of Sungai Penuh, Indonesia",0
-3.487,100.082,"215 km SW of Sungai Penuh, Indonesia",0
1.941,96.934,"85 km SE of Sinabang, Indonesia",0
2.221,96.717,"47 km SE of Sinabang, Indonesia",0
-3.953,100.574,"188 km W of Bengkulu, Indonesia",0
-1.348,99.533,"101 km WSW of Padang, Indonesia",0
0.997,99.541,"51 km SE of Padangsidempuan, Indonesia",1
-4.533,102.451,"83 km SSE of Bengkulu, Indonesia",0
-5.001,101.131,"182 km SW of Bengkulu, Indonesia",0
1.369,97.182,"121 km SSW of Singkil, Indonesia",1
-4.489,101.342,"127 km SW of Bengkulu, Indonesia",0
-3.864,100.966,"144 km W of Bengkulu, Indonesia",0
3.498,95.845,"77 km SSW of Meulaboh, Indonesia",0
3.748,96.018,"45 km SSW of Meulaboh, Indonesia",0
-3.879,101.0,"140 km W of Bengkulu, Indonesia",0
-4.054,101.096,"132 km WSW of Bengkulu, Indonesia",0
2.383,97.205,"65 km W of Singkil, Indonesia",1
-5.556,101.728,"203 km SSW of Bengkulu, Indonesia",0
2.63,96.928,"63 km ENE of Sinabang, Indonesia",0
1.911,96.721,"73 km SSE of Sinabang, Indonesia",0
2.346,97.17,"69 km W of Singkil, Indonesia",0
2.383,97.048,"75 km E of Sinabang, Indonesia",0
1.323,97.171,"126 km SSW of Singkil, Indonesia",0
-3.758,100.943,"146 km W of Bengkulu, Indonesia",0
-3.762,100.991,"141 km W of Bengkulu, Indonesia",0
2.112,99.015,"48 km NNE of Sibolga, Indonesia",1
1.522,97.063,"116 km SW of Singkil, Indonesia",0
-1.434,99.393,"119 km WSW of Padang, Indonesia",0
2.675,96.062,"41 km WNW of Sinabang, Indonesia",1
2.759,95.91,"60 km WNW of Sinabang, Indonesia",0
-4.731,103.121,"79 km S of Pagar Alam, Indonesia",1
-5.869,104.276,"119 km WSW of Bandar Lampung, Indonesia",1
0.347,98.418,"148 km SW of Padangsidempuan, Indonesia",1
-2.415,101.424,"39 km S of Sungai Penuh, Indonesia",0
-2.482,101.524,"49 km SSE of Sungai Penuh, Indonesia",0
-0.939,97.974,"241 km W of Pariaman, Indonesia",0
-1.649,99.572,"116 km SW of Padang, Indonesia",0
0.27,96.971,"240 km SSW of Singkil, Indonesia",0
-1.366,99.371,"117 km SW of Pariaman, Indonesia",0
-0.911,97.95,"243 km W of Pariaman, Indonesia",0
-0.965,97.964,"243 km W of Pariaman, Indonesia",0
-1.436,99.45,"114 km WSW of Padang, Indonesia",0
-4.317,101.81,"76 km SW of Bengkulu, Indonesia",0
-1.462,99.404,"119 km WSW of Padang, Indonesia",0
-1.565,99.427,"123 km WSW of Padang, Indonesia",0
-1.448,99.433,"116 km WSW of Padang, Indonesia",0
-1.548,99.415,"123 km WSW of Padang, Indonesia",0
-1.479,99.49,"112 km WSW of Padang, Indonesia",0
-5.517,101.581,"204 km SSW of Bengkulu, Indonesia",0
-5.497,101.705,"197 km SSW of Bengkulu, Indonesia",0
-4.811,102.895,"95 km SSW of Pagar Alam, Indonesia",0
1.869,97.02,"97 km WSW of Singkil, Indonesia",0
-0.322,98.248,"210 km W of Pariaman, Indonesia",1
-1.201,98.792,"161 km WSW of Pariaman, Indonesia",1
-4.99,103.049,"108 km SSW of Pagar Alam, Indonesia",1
-4.885,102.898,"102 km SSW of Pagar Alam, Indonesia",0
-4.26,101.241,"124 km WSW of Bengkulu, Indonesia",0
-5.443,101.136,"220 km SW of Bengkulu, Indonesia",0
3.36,97.654,"96 km WSW of Binjai, Indonesia",0
-3.221,100.461,"165 km SW of Sungai Penuh, Indonesia",1
-3.327,100.317,"184 km SW of Sungai Penuh, Indonesia",0
-3.115,100.471,"155 km SW of Sungai Penuh, Indonesia",0
-3.079,100.424,"Kepulauan Mentawai region, Indonesia",0
-3.513,100.628,"182 km SSW of Sungai Penuh, Indonesia",0
-5.963,101.907,"242 km S of Bengkulu, Indonesia",0
2.798,95.445,"109 km WNW of Sinabang, Indonesia",0
1.518,97.089,"115 km SW of Singkil, Indonesia",0
1.425,97.165,"117 km SW of Singkil, Indonesia",0
0.479,98.548,"128 km SW of Padangsidempuan, Indonesia",0
-4.546,102.759,"79 km SW of Pagar Alam, Indonesia",1
-0.204,98.416,"195 km WNW of Pariaman, Indonesia",0
-0.262,98.28,"208 km W of Pariaman, Indonesia",0
-0.352,98.184,"217 km W of Pariaman, Indonesia",0
2.817,95.782,"76 km WNW of Sinabang, Indonesia",1
-1.59,99.726,"99 km SW of Padang, Indonesia",0
-2.235,99.762,"156 km SSW of Padang, Indonesia",0
1.881,96.722,"76 km SSE of Sinabang, Indonesia",0
-3.528,100.723,"173 km W of Bengkulu, Indonesia",0
-4.326,101.236,"128 km WSW of Bengkulu, Indonesia",0
-4.332,101.298,"122 km WSW of Bengkulu, Indonesia",0
-4.366,101.191,"134 km WSW of Bengkulu, Indonesia",0
-4.297,101.217,"128 km WSW of Bengkulu, Indonesia",0
-2.829,101.042,"southern Sumatra, Indonesia",1
-5.845,105.333,"46 km S of Bandar Lampung, Indonesia",0
-3.649,100.753,"168 km W of Bengkulu, Indonesia",0
-4.755,101.764,"119 km SSW of Bengkulu, Indonesia",0
-4.61,101.219,"146 km SW of Bengkulu, Indonesia",0
-4.483,101.421,"120 km SW of Bengkulu, Indonesia",0
-4.348,101.259,"127 km WSW of Bengkulu, Indonesia",0
-4.151,102.186,"39 km SSW of Bengkulu, Indonesia",1
1.145,97.253,"139 km SSW of Singkil, Indonesia",0
-3.631,100.75,"169 km W of Bengkulu, Indonesia",0
1.962,97.966,"41 km SSE of Singkil, Indonesia",1
2.28,96.203,"29 km SW of Sinabang, Indonesia",0
2.506,96.323,"6 km WNW of Sinabang, Indonesia",1
2.452,96.292,"10 km WSW of Sinabang, Indonesia",0
-3.935,103.058,"23 km WNW of Pagar Alam, Indonesia",0
-4.477,101.464,"116 km SW of Bengkulu, Indonesia",0
-5.627,103.043,"178 km S of Pagar Alam, Indonesia",0
-3.907,100.993,"141 km W of Bengkulu, Indonesia",0
-3.942,101.076,"133 km W of Bengkulu, Indonesia",0
-0.444,96.953,"southwest of Sumatra, Indonesia",0
2.177,96.518,"36 km SSE of Sinabang, Indonesia",0
-1.831,101.137,"37 km NW of Sungai Penuh, Indonesia",1
0.206,96.666,"253 km S of Sinabang, Indonesia",0
1.344,97.191,"123 km SSW of Singkil, Indonesia",0
1.324,97.158,"127 km SSW of Singkil, Indonesia",0
-2.035,98.704,"219 km WSW of Padang, Indonesia",0
-3.086,101.267,"114 km S of Sungai Penuh, Indonesia",1
-2.077,99.975,"131 km SSW of Padang, Indonesia",0
0.354,97.759,"190 km SW of Sibolga, Indonesia",0
-4.445,101.096,"148 km WSW of Bengkulu, Indonesia",0
-4.129,101.272,"116 km WSW of Bengkulu, Indonesia",0
-3.204,101.408,"115 km NW of Bengkulu, Indonesia",1
-3.181,101.475,"111 km NW of Bengkulu, Indonesia",1
1.724,99.18,"39 km NNW of Padangsidempuan, Indonesia",0
1.64,99.147,"31 km NNW of Padangsidempuan, Indonesia",0
-3.202,101.409,"115 km NW of Bengkulu, Indonesia",0
-3.015,101.319,"106 km S of Sungai Penuh, Indonesia",1
-2.874,101.213,"92 km SSW of Sungai Penuh, Indonesia",1
-3.266,101.407,"112 km WNW of Bengkulu, Indonesia",1
2.633,96.117,"33 km WNW of Sinabang, Indonesia",0
2.901,95.432,"115 km WNW of Sinabang, Indonesia",0
-4.346,102.717,"68 km WSW of Pagar Alam, Indonesia",1
-2.859,101.177,"91 km SSW of Sungai Penuh, Indonesia",1
0.114,98.242,"180 km SW of Padangsidempuan, Indonesia",1
2.855,95.296,"127 km WNW of Sinabang, Indonesia",0
-2.897,101.095,"98 km SSW of Sungai Penuh, Indonesia",0
-4.215,101.437,"102 km WSW of Bengkulu, Indonesia",1
-3.654,100.859,"157 km W of Bengkulu, Indonesia",0
2.383,95.595,"87 km W of Sinabang, Indonesia",0
-2.235,99.791,"155 km SSW of Padang, Indonesia",0
-4.455,101.462,"114 km SW of Bengkulu, Indonesia",0
1.143,97.146,"145 km SSW of Singkil, Indonesia",0
-4.467,101.452,"116 km SW of Bengkulu, Indonesia",0
-2.18,99.823,"148 km SSW of Padang, Indonesia",0
-4.44,101.33,"125 km SW of Bengkulu, Indonesia",0
-3.852,101.067,"133 km W of Bengkulu, Indonesia",0
2.639,95.921,"53 km WNW of Sinabang, Indonesia",0
-2.245,99.808,"155 km SSW of Padang, Indonesia",0
-2.332,99.891,"161 km SSW of Padang, Indonesia",0
-2.301,99.997,"154 km SSW of Padang, Indonesia",0
-2.312,99.971,"156 km SSW of Padang, Indonesia",0
-2.468,99.882,"173 km WSW of Sungai Penuh, Indonesia",0
2.639,96.065,"39 km WNW of Sinabang, Indonesia",0
-2.486,99.972,"164 km WSW of Sungai Penuh, Indonesia",0
-2.517,99.977,"165 km WSW of Sungai Penuh, Indonesia",0
-2.405,99.931,"166 km WSW of Sungai Penuh, Indonesia",0
-2.469,99.963,"165 km WSW of Sungai Penuh, Indonesia",0
-2.343,99.954,"160 km SSW of Padang, Indonesia",0
-3.741,101.986,"southern Sumatra, Indonesia",1
-2.511,99.962,"166 km WSW of Sungai Penuh, Indonesia",0
-2.323,99.88,"160 km SSW of Padang, Indonesia",0
2.484,96.081,"33 km W of Sinabang, Indonesia",0
-3.369,100.84,"157 km SSW of Sungai Penuh, Indonesia",0
2.639,95.775,"69 km WNW of Sinabang, Indonesia",0
2.504,95.837,"60 km W of Sinabang, Indonesia",0
2.697,96.254,"27 km NNW of Sinabang, Indonesia",0
2.541,96.062,"36 km W of Sinabang, Indonesia",0
2.608,96.138,"30 km WNW of Sinabang, Indonesia",0
2.768,95.964,"56 km NW of Sinabang, Indonesia",0
-2.434,99.946,"166 km WSW of Sungai Penuh, Indonesia",0
-3.292,100.934,"145 km SSW of Sungai Penuh, Indonesia",0
-3.008,101.21,"107 km S of Sungai Penuh, Indonesia",1
1.031,97.271,"150 km SSW of Singkil, Indonesia",0
-4.025,101.869,"50 km WSW of Bengkulu, Indonesia",0
1.011,97.442,"146 km SSW of Singkil, Indonesia",0
0.922,97.462,"155 km SSW of Singkil, Indonesia",0
-4.867,103.096,"94 km S of Pagar Alam, Indonesia",0
-2.782,101.032,"89 km SSW of Sungai Penuh, Indonesia",0
5.418,95.661,"33 km W of Sigli, Indonesia",0
0.116,97.022,"254 km SSW of Singkil, Indonesia",0
-4.305,101.231,"127 km WSW of Bengkulu, Indonesia",0
-4.328,101.294,"122 km WSW of Bengkulu, Indonesia",0
-5.582,102.451,"193 km SSW of Pagar Alam, Indonesia",0
2.087,96.806,"64 km SE of Sinabang, Indonesia",0
-3.504,100.623,"181 km SSW of Sungai Penuh, Indonesia",0
-3.267,100.63,"158 km SSW of Sungai Penuh, Indonesia",1
2.223,96.761,"51 km SE of Sinabang, Indonesia",0
-2.277,100.451,"107 km WSW of Sungai Penuh, Indonesia",1
-4.454,101.365,"123 km SW of Bengkulu, Indonesia",0
-4.62,101.364,"135 km SW of Bengkulu, Indonesia",0
1.981,97.883,"35 km SSE of Singkil, Indonesia",1
-2.864,101.137,"93 km SSW of Sungai Penuh, Indonesia",0
-2.261,100.529,"98 km WSW of Sungai Penuh, Indonesia",1
-1.63,100.437,"75 km S of Padang, Indonesia",0
1.091,97.103,"152 km SSW of Singkil, Indonesia",0
-2.238,100.413,"110 km W of Sungai Penuh, Indonesia",0
-2.808,101.162,"86 km SSW of Sungai Penuh, Indonesia",1
-4.329,101.263,"125 km WSW of Bengkulu, Indonesia",0
-0.552,99.473,"72 km W of Pariaman, Indonesia",0
-3.277,100.531,"165 km SW of Sungai Penuh, Indonesia",0
-4.437,101.308,"127 km WSW of Bengkulu, Indonesia",0
-3.645,100.722,"172 km W of Bengkulu, Indonesia",0
-3.737,101.092,"130 km W of Bengkulu, Indonesia",0
-2.991,101.283,"104 km S of Sungai Penuh, Indonesia",1
-4.169,100.625,"186 km WSW of Bengkulu, Indonesia",0
-3.541,100.794,"165 km W of Bengkulu, Indonesia",0
-3.899,101.02,"138 km W of Bengkulu, Indonesia",0
-1.996,99.896,"126 km SSW of Padang, Indonesia",0
1.84,97.047,"96 km WSW of Singkil, Indonesia",0
-3.592,100.859,"157 km W of Bengkulu, Indonesia",0
-3.223,100.613,"155 km SW of Sungai Penuh, Indonesia",0
-3.591,100.803,"164 km W of Bengkulu, Indonesia",0
-3.212,100.481,"163 km SW of Sungai Penuh, Indonesia",0
-3.245,100.507,"164 km SW of Sungai Penuh, Indonesia",0
2.975,96.455,"55 km N of Sinabang, Indonesia",0
-3.285,100.509,"167 km SW of Sungai Penuh, Indonesia",0
-3.9,100.978,"143 km W of Bengkulu, Indonesia",0
-1.735,99.48,"130 km SW of Padang, Indonesia",0
-4.376,101.337,"121 km WSW of Bengkulu, Indonesia",0
-1.853,99.779,"118 km SSW of Padang, Indonesia",0
-4.24,101.212,"126 km WSW of Bengkulu, Indonesia",0
4.089,96.585,"51 km E of Meulaboh, Indonesia",0
2.9,95.523,"106 km WNW of Sinabang, Indonesia",0
2.915,95.533,"105 km WNW of Sinabang, Indonesia",0
-3.486,100.839,"162 km WNW of Bengkulu, Indonesia",0
-1.832,99.46,"139 km SW of Padang, Indonesia",0
-1.787,99.488,"133 km SW of Padang, Indonesia",0
-1.774,100.46,"91 km S of Padang, Indonesia",0
-4.413,101.299,"126 km WSW of Bengkulu, Indonesia",0
-5.875,105.572,"60 km SE of Bandar Lampung, Indonesia",0
-4.385,101.465,"109 km SW of Bengkulu, Indonesia",0
-1.573,100.07,"75 km SSW of Padang, Indonesia",0
-3.155,100.362,"166 km SW of Sungai Penuh, Indonesia",0
-3.007,101.381,"105 km S of Sungai Penuh, Indonesia",0
-3.596,100.835,"160 km W of Bengkulu, Indonesia",0
-3.682,100.846,"158 km W of Bengkulu, Indonesia",0
-2.135,99.935,"139 km SSW of Padang, Indonesia",0
-2.003,99.939,"125 km SSW of Padang, Indonesia",0
-4.337,101.057,"146 km WSW of Bengkulu, Indonesia",0
-2.181,99.53,"164 km SW of Padang, Indonesia",0
-1.999,100.141,"118 km SSW of Padang, Indonesia",0
-2.746,100.892,"94 km SW of Sungai Penuh, Indonesia",0
0.128,97.715,"214 km SSW of Sibolga, Indonesia",0
-3.259,101.348,"118 km WNW of Bengkulu, Indonesia",0
-4.041,101.027,"140 km W of Bengkulu, Indonesia",0
-2.834,101.203,"88 km SSW of Sungai Penuh, Indonesia",0
-2.72,101.174,"77 km SSW of Sungai Penuh, Indonesia",0
-2.763,101.106,"84 km SSW of Sungai Penuh, Indonesia",0
-1.8,99.538,"130 km SW of Padang, Indonesia",0
-2.788,101.19,"83 km SSW of Sungai Penuh, Indonesia",0
-2.844,100.247,"154 km SW of Sungai Penuh, Indonesia",0
-3.003,102.351,"55 km NNW of Curup, Indonesia",0
-4.416,100.953,"160 km WSW of Bengkulu, Indonesia",0
-4.075,101.169,"125 km WSW of Bengkulu, Indonesia",0
-2.147,100.117,"135 km SSW of Padang, Indonesia",0
-2.919,101.145,"99 km SSW of Sungai Penuh, Indonesia",0
-3.783,101.833,"48 km W of Bengkulu, Indonesia",0
-2.836,101.232,"88 km SSW of Sungai Penuh, Indonesia",0
-2.423,99.881,"171 km SSW of Padang, Indonesia",1
-2.234,99.947,"149 km SSW of Padang, Indonesia",0
-3.172,101.524,"107 km NW of Bengkulu, Indonesia",1
-4.297,101.272,"123 km WSW of Bengkulu, Indonesia",0
-2.918,100.267,"157 km SW of Sungai Penuh, Indonesia",0
-2.749,100.974,"89 km SSW of Sungai Penuh, Indonesia",0
-3.585,100.846,"159 km W of Bengkulu, Indonesia",0
-2.565,100.492,"114 km WSW of Sungai Penuh, Indonesia",0
-3.432,101.659,"78 km WNW of Bengkulu, Indonesia",0
-2.146,99.821,"145 km SSW of Padang, Indonesia",0
-1.941,99.513,"144 km SW of Padang, Indonesia",0
-1.98,99.516,"147 km SW of Padang, Indonesia",0
-3.701,100.843,"158 km W of Bengkulu, Indonesia",0
-3.723,100.688,"175 km W of Bengkulu, Indonesia",0
-1.724,99.635,"117 km SW of Padang, Indonesia",0
-1.608,99.644,"107 km SW of Padang, Indonesia",0
-1.978,99.64,"138 km SW of Padang, Indonesia",0
-2.13,99.627,"153 km SSW of Padang, Indonesia",0
-2.044,99.794,"136 km SSW of Padang, Indonesia",0
-1.689,99.668,"Kepulauan Mentawai region, Indonesia",0
-3.823,101.752,"57 km W of Bengkulu, Indonesia",0
-2.199,99.467,"169 km SW of Padang, Indonesia",0
-1.875,99.716,"124 km SW of Padang, Indonesia",0
-1.9,99.816,"120 km SSW of Padang, Indonesia",0
-2.561,100.317,"131 km WSW of Sungai Penuh, Indonesia",0
-2.304,99.431,"181 km SW of Padang, Indonesia",0
-1.893,99.572,"135 km SW of Padang, Indonesia",0
-2.625,100.841,"87 km SW of Sungai Penuh, Indonesia",0
-4.01,100.999,"142 km W of Bengkulu, Indonesia",0
-2.802,100.906,"98 km SSW of Sungai Penuh, Indonesia",0
-4.429,101.402,"118 km SW of Bengkulu, Indonesia",0
-3.072,100.461,"152 km SW of Sungai Penuh, Indonesia",1
-3.145,101.396,"120 km S of Sungai Penuh, Indonesia",0
-4.08,101.182,"124 km WSW of Bengkulu, Indonesia",0
-3.158,101.463,"114 km NW of Bengkulu, Indonesia",0
-3.259,100.722,"152 km SSW of Sungai Penuh, Indonesia",1
-3.526,100.747,"171 km W of Bengkulu, Indonesia",0
-2.93,101.379,"96 km S of Sungai Penuh, Indonesia",0
-2.71,100.278,"143 km WSW of Sungai Penuh, Indonesia",0
-4.184,101.305,"114 km WSW of Bengkulu, Indonesia",0
-2.84,100.221,"156 km WSW of Sungai Penuh, Indonesia",0
-4.264,101.365,"112 km WSW of Bengkulu, Indonesia",0
-2.587,101.792,"73 km SE of Sungai Penuh, Indonesia",0
-4.438,101.367,"122 km SW of Bengkulu, Indonesia",0
-5.73,105.53,"44 km SE of Bandar Lampung, Indonesia",0
0.292,97.753,"196 km SW of Sibolga, Indonesia",0
0.868,97.532,"159 km S of Singkil, Indonesia",0
0.888,97.539,"157 km S of Singkil, Indonesia",0
2.075,96.693,"56 km SE of Sinabang, Indonesia",0
2.265,98.001,"23 km E of Singkil, Indonesia",1
5.003,97.456,"39 km ESE of Lhokseumawe, Indonesia",0
-5.853,103.862,"160 km SW of Kotabumi, Indonesia",0
1.192,97.328,"131 km SSW of Singkil, Indonesia",1
2.606,96.04,"Simeulue, Indonesia",0
2.629,95.548,"93 km W of Sinabang, Indonesia",0
4.111,96.032,"11 km WSW of Meulaboh, Indonesia",0
1.255,97.248,"129 km SSW of Singkil, Indonesia",0
-2.958,101.187,"102 km SSW of Sungai Penuh, Indonesia",1
2.916,95.7,"89 km WNW of Sinabang, Indonesia",0
1.955,97.908,"39 km SSE of Singkil, Indonesia",0
-0.488,100.53,"26 km SE of Bukittinggi, Indonesia",0
-0.493,100.498,"24 km SE of Bukittinggi, Indonesia",0
-4.388,102.976,"50 km SW of Pagar Alam, Indonesia",1
0.642,97.23,"192 km SSW of Singkil, Indonesia",0
0.432,97.308,"212 km SSW of Singkil, Indonesia",0
1.51,97.114,"114 km SW of Singkil, Indonesia",0
2.703,95.65,"84 km WNW of Sinabang, Indonesia",0
2.822,95.807,"74 km WNW of Sinabang, Indonesia",0
-5.488,101.454,"207 km SSW of Bengkulu, Indonesia",0
0.254,97.959,"188 km SSW of Sibolga, Indonesia",0
-5.45,101.477,"202 km SSW of Bengkulu, Indonesia",0
-5.442,101.413,"204 km SSW of Bengkulu, Indonesia",0
0.626,99.859,"105 km SE of Padangsidempuan, Indonesia",0
4.86,96.228,"39 km S of Reuleuet, Indonesia",0
0.913,97.212,"164 km SSW of Singkil, Indonesia",0
-2.084,100.198,"126 km S of Padang, Indonesia",1
1.113,97.431,"135 km SSW of Singkil, Indonesia",0
1.334,97.133,"128 km SW of Singkil, Indonesia",0
1.317,97.247,"123 km SSW of Singkil, Indonesia",0
1.124,99.592,"45 km SE of Padangsidempuan, Indonesia",0
0.185,97.18,"242 km SSW of Singkil, Indonesia",1
0.844,97.207,"172 km SSW of Singkil, Indonesia",0
2.189,96.365,"32 km S of Sinabang, Indonesia",0
2.403,96.348,"9 km SSW of Sinabang, Indonesia",0
3.966,95.967,"26 km SW of Meulaboh, Indonesia",1
1.156,97.154,"143 km SSW of Singkil, Indonesia",0
1.463,97.182,"113 km SW of Singkil, Indonesia",0
1.707,97.146,"96 km SW of Singkil, Indonesia",0
1.244,98.145,"89 km SW of Sibolga, Indonesia",0
-4.847,102.253,"115 km S of Bengkulu, Indonesia",1
0.333,96.923,"236 km SSW of Singkil, Indonesia",0
-4.904,102.166,"122 km S of Bengkulu, Indonesia",0
0.738,97.334,"178 km SSW of Singkil, Indonesia",1
-4.457,102.736,"74 km SW of Pagar Alam, Indonesia",0
0.116,97.158,"250 km SSW of Singkil, Indonesia",0
-0.024,97.123,"266 km SSW of Singkil, Indonesia",0
0.093,97.05,"256 km SSW of Singkil, Indonesia",0
-5.575,105.395,"21 km SE of Bandar Lampung, Indonesia",0
-4.852,102.346,"116 km S of Bengkulu, Indonesia",0
3.171,97.096,"110 km NE of Sinabang, Indonesia",0
2.18,96.475,"34 km SSE of Sinabang, Indonesia",0
1.994,96.995,"87 km SE of Sinabang, Indonesia",0
2.089,96.49,"44 km SSE of Sinabang, Indonesia",0
2.059,96.448,"47 km S of Sinabang, Indonesia",0
1.654,97.07,"106 km SW of Singkil, Indonesia",0
2.412,96.394,"7 km SSE of Sinabang, Indonesia",0
4.134,96.048,"8 km W of Meulaboh, Indonesia",1
3.999,96.255,"21 km SE of Meulaboh, Indonesia",0
1.607,97.101,"107 km SW of Singkil, Indonesia",0
2.703,96.073,"42 km NW of Sinabang, Indonesia",0
-5.055,104.154,"84 km WSW of Kotabumi, Indonesia",0
-4.777,102.821,"95 km SSW of Pagar Alam, Indonesia",1
4.735,95.144,"91 km SSW of Banda Aceh, Indonesia",1
-4.494,102.904,"64 km SW of Pagar Alam, Indonesia",1
2.842,95.916,"65 km NW of Sinabang, Indonesia",0
-1.196,99.779,"69 km WSW of Padang, Indonesia",0
1.145,97.244,"140 km SSW of Singkil, Indonesia",0
1.16,97.266,"137 km SSW of Singkil, Indonesia",0
2.164,96.786,"57 km SE of Sinabang, Indonesia",0
2.034,96.794,"67 km SE of Sinabang, Indonesia",0
1.863,97.036,"95 km WSW of Singkil, Indonesia",0
1.226,97.269,"130 km SSW of Singkil, Indonesia",0
2.026,97.941,"33 km SSE of Singkil, Indonesia",0
4.82,95.098,"83 km SSW of Banda Aceh, Indonesia",0
1.957,97.853,"37 km S of Singkil, Indonesia",0
5.233,95.577,"43 km SE of Banda Aceh, Indonesia",0
1.108,97.239,"144 km SSW of Singkil, Indonesia",0
0.048,97.612,"227 km SW of Sibolga, Indonesia",0
0.029,97.604,"230 km SW of Sibolga, Indonesia",0
0.323,97.743,"194 km SW of Sibolga, Indonesia",0
2.014,97.832,"30 km S of Singkil, Indonesia",0
2.164,96.421,"35 km S of Sinabang, Indonesia",0
0.992,97.43,"148 km SSW of Singkil, Indonesia",0
1.092,97.417,"138 km SSW of Singkil, Indonesia",0
1.18,96.838,"152 km SSE of Sinabang, Indonesia",0
2.433,97.136,"74 km WNW of Singkil, Indonesia",1
1.274,97.226,"128 km SSW of Singkil, Indonesia",0
1.819,97.082,"94 km WSW of Singkil, Indonesia",0
4.806,95.146,"83 km SSW of Banda Aceh, Indonesia",1
2.138,96.796,"59 km SE of Sinabang, Indonesia",0
2.738,95.638,"87 km WNW of Sinabang, Indonesia",0
1.015,97.513,"143 km SSW of Singkil, Indonesia",0
1.813,97.089,"93 km SW of Singkil, Indonesia",0
2.17,96.724,"51 km SE of Sinabang, Indonesia",0
1.455,97.146,"116 km SW of Singkil, Indonesia",0
1.286,97.12,"133 km SW of Singkil, Indonesia",0
1.213,97.155,"138 km SSW of Singkil, Indonesia",0
1.989,97.041,"89 km WSW of Singkil, Indonesia",0
0.454,98.673,"122 km SSW of Padangsidempuan, Indonesia",1
0.587,98.459,"125 km SW of Padangsidempuan, Indonesia",0
1.244,97.227,"131 km SSW of Singkil, Indonesia",0
1.974,97.128,"81 km WSW of Singkil, Indonesia",0
2.132,96.799,"60 km SE of Sinabang, Indonesia",0
1.357,97.173,"123 km SSW of Singkil, Indonesia",0
0.395,97.287,"216 km SSW of Singkil, Indonesia",0
0.364,97.275,"220 km SSW of Singkil, Indonesia",0
2.746,95.989,"52 km NW of Sinabang, Indonesia",0
1.214,97.144,"138 km SSW of Singkil, Indonesia",0
-1.626,99.624,"110 km SW of Padang, Indonesia",0
0.307,97.663,"201 km SW of Sibolga, Indonesia",0
1.812,97.662,"54 km SSW of Singkil, Indonesia",0
2.932,96.335,"50 km N of Sinabang, Indonesia",0
-1.915,99.951,"115 km SSW of Padang, Indonesia",0
-1.713,99.851,"101 km SSW of Padang, Indonesia",0
-1.762,99.8,"109 km SW of Padang, Indonesia",0
-1.592,99.447,"123 km SW of Padang, Indonesia",0
-1.656,99.639,"111 km SW of Padang, Indonesia",0
-1.705,99.74,"107 km SW of Padang, Indonesia",0
-1.688,99.856,"98 km SW of Padang, Indonesia",0
1.045,97.276,"148 km SSW of Singkil, Indonesia",0
1.014,97.487,"144 km SSW of Singkil, Indonesia",0
2.075,96.829,"67 km SE of Sinabang, Indonesia",0
2.169,96.759,"54 km SE of Sinabang, Indonesia",0
-0.394,96.888,"southwest of Sumatra, Indonesia",0
-1.591,99.717,"100 km SW of Padang, Indonesia",0
-1.826,99.775,"116 km SSW of Padang, Indonesia",0
-1.648,99.624,"112 km SW of Padang, Indonesia",0
-1.621,99.638,"108 km SW of Padang, Indonesia",0
-1.777,99.934,"102 km SSW of Padang, Indonesia",0
-1.64,99.696,"105 km SW of Padang, Indonesia",0
-1.63,99.641,"109 km SW of Padang, Indonesia",0
-1.705,99.872,"99 km SSW of Padang, Indonesia",0
-1.52,99.04,"156 km SW of Pariaman, Indonesia",0
-1.705,99.72,"109 km SW of Padang, Indonesia",0
-1.619,99.594,"112 km SW of Padang, Indonesia",0
-1.714,99.779,"106 km SW of Padang, Indonesia",0
-1.679,99.782,"102 km SW of Padang, Indonesia",0
-1.459,99.256,"133 km SW of Pariaman, Indonesia",0
-1.606,99.618,"109 km SW of Padang, Indonesia",0
-1.609,99.583,"112 km SW of Padang, Indonesia",0
-1.644,99.607,"113 km SW of Padang, Indonesia",0
2.862,95.337,"123 km WNW of Sinabang, Indonesia",0
1.38,97.108,"125 km SW of Singkil, Indonesia",0
1.399,97.156,"120 km SW of Singkil, Indonesia",0
-0.215,97.731,"245 km SSW of Sibolga, Indonesia",0
0.679,97.38,"183 km SSW of Singkil, Indonesia",0
-1.653,99.448,"127 km SW of Padang, Indonesia",0
-1.565,99.42,"124 km WSW of Padang, Indonesia",0
0.56,97.437,"194 km SSW of Singkil, Indonesia",0
0.607,97.424,"190 km SSW of Singkil, Indonesia",0
-3.984,102.415,"26 km SE of Bengkulu, Indonesia",1
1.605,97.872,"76 km S of Singkil, Indonesia",0
2.022,97.942,"33 km SSE of Singkil, Indonesia",0
0.368,98.319,"154 km SW of Padangsidempuan, Indonesia",0
0.323,98.109,"173 km SSW of Sibolga, Indonesia",0
2.26,96.432,"25 km SSE of Sinabang, Indonesia",0
0.674,97.601,"176 km SW of Sibolga, Indonesia",0
1.701,97.119,"98 km SW of Singkil, Indonesia",0
1.312,97.193,"126 km SSW of Singkil, Indonesia",0
1.102,97.296,"142 km SSW of Singkil, Indonesia",0
1.864,97.069,"92 km WSW of Singkil, Indonesia",0
2.931,95.423,"117 km WNW of Sinabang, Indonesia",0
2.993,95.414,"121 km WNW of Sinabang, Indonesia",0
0.199,98.144,"181 km SW of Padangsidempuan, Indonesia",0
1.773,97.095,"95 km SW of Singkil, Indonesia",0
1.336,97.123,"128 km SW of Singkil, Indonesia",0
2.23,96.494,"30 km SSE of Sinabang, Indonesia",0
1.084,97.258,"145 km SSW of Singkil, Indonesia",0
1.305,97.183,"127 km SSW of Singkil, Indonesia",0
1.894,96.971,"92 km SE of Sinabang, Indonesia",0
1.777,99.207,"44 km N of Padangsidempuan, Indonesia",0
2.143,96.634,"46 km SE of Sinabang, Indonesia",0
0.873,97.482,"160 km SSW of Singkil, Indonesia",0
1.175,97.12,"143 km SSW of Singkil, Indonesia",0
2.648,96.581,"29 km NE of Sinabang, Indonesia",0
0.185,97.095,"244 km SSW of Singkil, Indonesia",0
1.223,97.156,"137 km SSW of Singkil, Indonesia",0
1.249,97.151,"134 km SSW of Singkil, Indonesia",0
1.607,97.05,"111 km SW of Singkil, Indonesia",0
1.031,97.48,"143 km SSW of Singkil, Indonesia",0
1.617,97.134,"103 km SW of Singkil, Indonesia",0
2.855,96.354,"41 km N of Sinabang, Indonesia",0
2.914,96.387,"47 km N of Sinabang, Indonesia",0
2.889,96.411,"45 km N of Sinabang, Indonesia",0
0.172,97.043,"248 km SSW of Singkil, Indonesia",0
1.316,97.101,"131 km SW of Singkil, Indonesia",0
1.077,97.579,"135 km S of Singkil, Indonesia",0
1.751,97.132,"94 km SW of Singkil, Indonesia",0
1.002,97.898,"127 km SW of Sibolga, Indonesia",0
1.966,96.941,"84 km SE of Sinabang, Indonesia",0
1.043,97.458,"142 km SSW of Singkil, Indonesia",0
2.467,96.758,"42 km E of Sinabang, Indonesia",0
1.014,97.821,"133 km SW of Sibolga, Indonesia",0
2.387,97.159,"70 km W of Singkil, Indonesia",0
2.751,96.049,"47 km NW of Sinabang, Indonesia",0
0.923,97.867,"136 km SW of Sibolga, Indonesia",0
1.306,97.145,"130 km SSW of Singkil, Indonesia",0
0.997,97.87,"130 km SW of Sibolga, Indonesia",0
1.634,97.082,"106 km SW of Singkil, Indonesia",0
1.776,97.102,"95 km SW of Singkil, Indonesia",0
2.836,98.758,"18 km NNW of Ambarita, Indonesia",0
0.838,97.376,"166 km SSW of Singkil, Indonesia",0
0.852,97.519,"161 km S of Singkil, Indonesia",0
2.042,96.457,"49 km S of Sinabang, Indonesia",0
2.276,96.183,"31 km SW of Sinabang, Indonesia",0
2.087,96.503,"45 km SSE of Sinabang, Indonesia",0
1.23,97.487,"121 km SSW of Singkil, Indonesia",0
2.335,96.596,"28 km SE of Sinabang, Indonesia",0
0.933,97.914,"131 km SW of Sibolga, Indonesia",0
0.434,97.671,"190 km SW of Sibolga, Indonesia",0
1.633,97.169,"99 km SW of Singkil, Indonesia",0
1.521,97.08,"115 km SW of Singkil, Indonesia",0
1.114,97.005,"156 km SW of Singkil, Indonesia",0
2.085,97.108,"78 km WSW of Singkil, Indonesia",0
-5.637,102.752,"186 km SSW of Pagar Alam, Indonesia",0
-5.613,101.501,"217 km SSW of Bengkulu, Indonesia",0
2.908,95.592,"99 km WNW of Sinabang, Indonesia",0
2.891,95.729,"85 km WNW of Sinabang, Indonesia",0
-5.639,101.607,"216 km SSW of Bengkulu, Indonesia",0
4.702,95.156,"94 km SSW of Banda Aceh, Indonesia",1
-0.127,98.729,"164 km WNW of Pariaman, Indonesia",1
4.797,95.117,"85 km SSW of Banda Aceh, Indonesia",1
4.701,96.134,"59 km SSW of Reuleuet, Indonesia",0
4.705,95.157,"94 km SSW of Banda Aceh, Indonesia",0
4.926,95.108,"72 km SSW of Banda Aceh, Indonesia",0
3.242,95.462,"124 km SW of Meulaboh, Indonesia",0
2.91,95.623,"96 km WNW of Sinabang, Indonesia",0
4.73,95.14,"92 km SSW of Banda Aceh, Indonesia",1
3.173,95.267,"143 km SW of Meulaboh, Indonesia",0
4.321,95.194,"northern Sumatra, Indonesia",1
2.799,95.566,"97 km WNW of Sinabang, Indonesia",0
4.732,95.205,"90 km S of Banda Aceh, Indonesia",0
2.805,95.512,"102 km WNW of Sinabang, Indonesia",0
2.93,95.606,"99 km WNW of Sinabang, Indonesia",0
4.724,95.11,"93 km SSW of Banda Aceh, Indonesia",1
3.033,95.538,"111 km WNW of Sinabang, Indonesia",0
4.471,96.342,"43 km NNE of Meulaboh, Indonesia",0
-3.362,101.55,"93 km WNW of Bengkulu, Indonesia",1
4.259,95.13,"111 km W of Meulaboh, Indonesia",0
4.855,95.101,"80 km SSW of Banda Aceh, Indonesia",1
3.044,95.89,"82 km NW of Sinabang, Indonesia",0
4.909,96.405,"36 km SSE of Reuleuet, Indonesia",0
0.056,97.041,"260 km SSW of Singkil, Indonesia",0
3.295,95.982,2004 Sumatra - Andaman Islands Earthquake,0
1.983,97.925,"36 km SSE of Singkil, Indonesia",1
-4.91,103.211,"97 km S of Pagar Alam, Indonesia",1
-4.881,103.258,"94 km S of Pagar Alam, Indonesia",1
-4.894,101.915,"127 km SSW of Bengkulu, Indonesia",0
0.111,98.729,"152 km SSW of Padangsidempuan, Indonesia",1
-5.471,102.623,"174 km SSW of Pagar Alam, Indonesia",0
0.415,97.825,"181 km SW of Sibolga, Indonesia",0
-5.214,102.718,"southern Sumatra, Indonesia",1
-1.549,100.54,"69 km SSE of Padang, Indonesia",1
-5.69,104.129,"126 km SW of Kotabumi, Indonesia",1
-1.559,100.488,"69 km SSE of Padang, Indonesia",1
-5.801,102.028,"222 km S of Bengkulu, Indonesia",0
-5.559,102.81,"176 km SSW of Pagar Alam, Indonesia",0
-5.273,102.278,"162 km S of Bengkulu, Indonesia",0
-3.605,102.035,"33 km NW of Bengkulu, Indonesia",0
-1.384,99.788,"79 km SW of Padang, Indonesia",0
-5.077,102.458,"142 km S of Bengkulu, Indonesia",0
4.619,97.646,"39 km WNW of Langsa, Indonesia",0
2.082,96.818,"65 km SE of Sinabang, Indonesia",0
-5.635,102.119,"203 km S of Bengkulu, Indonesia",0
-5.433,102.209,"180 km S of Bengkulu, Indonesia",0
-5.444,102.178,"182 km S of Bengkulu, Indonesia",0
-5.04,103.513,"116 km SSE of Pagar Alam, Indonesia",0
2.255,96.529,"29 km SSE of Sinabang, Indonesia",0
2.773,95.756,"76 km WNW of Sinabang, Indonesia",0
-2.73,101.196,"77 km SSW of Sungai Penuh, Indonesia",0
4.495,97.568,"44 km W of Langsa, Indonesia",0
-3.428,101.638,"80 km WNW of Bengkulu, Indonesia",1
0.217,97.921,"193 km SSW of Sibolga, Indonesia",0
0.202,97.957,"193 km SSW of Sibolga, Indonesia",0
0.538,98.6,"119 km SW of Padangsidempuan, Indonesia",1
2.892,96.208,"49 km NNW of Sinabang, Indonesia",0
-5.653,104.044,"130 km SW of Kotabumi, Indonesia",0
-4.208,102.18,"46 km SSW of Bengkulu, Indonesia",0
3.006,96.087,"66 km NNW of Sinabang, Indonesia",0
2.954,96.394,"52 km N of Sinabang, Indonesia",0
2.593,95.886,"56 km WNW of Sinabang, Indonesia",0
2.642,96.248,"23 km NW of Sinabang, Indonesia",0
2.675,95.903,"57 km WNW of Sinabang, Indonesia",0
2.824,96.085,"50 km NW of Sinabang, Indonesia",0
-3.282,101.487,"103 km WNW of Bengkulu, Indonesia",0
-5.816,102.064,"224 km S of Bengkulu, Indonesia",0
-4.81,101.762,"southern Sumatra, Indonesia",0
-5.27,102.146,"163 km S of Bengkulu, Indonesia",0
-4.809,102.189,"111 km S of Bengkulu, Indonesia",1
-5.875,104.59,"89 km WSW of Bandar Lampung, Indonesia",0
1.928,97.001,"92 km SE of Sinabang, Indonesia",0
-4.461,102.09,"southern Sumatra, Indonesia",0
3.533,95.658,"85 km SW of Meulaboh, Indonesia",0
3.521,95.656,"86 km SW of Meulaboh, Indonesia",0
3.535,95.659,"85 km SW of Meulaboh, Indonesia",0
3.513,95.607,"90 km SW of Meulaboh, Indonesia",0
3.488,95.629,"91 km SW of Meulaboh, Indonesia",0
-4.039,101.44,"95 km WSW of Bengkulu, Indonesia",0
1.945,97.919,"40 km SSE of Singkil, Indonesia",1
-4.333,102.04,"63 km SSW of Bengkulu, Indonesia",0
-4.759,101.903,"113 km SSW of Bengkulu, Indonesia",1
-4.984,102.084,"132 km S of Bengkulu, Indonesia",0
-5.227,102.518,"155 km SSW of Pagar Alam, Indonesia",0
3.248,96.123,"89 km NNW of Sinabang, Indonesia",0
-5.113,103.483,"123 km SSE of Pagar Alam, Indonesia",0
-5.281,103.336,"139 km S of Pagar Alam, Indonesia",0
-4.209,102.177,"46 km SSW of Bengkulu, Indonesia",0
-1.365,97.382,"southwest of Sumatra, Indonesia",0
-4.651,102.743,"88 km SW of Pagar Alam, Indonesia",1
-4.304,102.677,"70 km WSW of Pagar Alam, Indonesia",1
0.414,97.784,"183 km SW of Sibolga, Indonesia",0
-3.634,101.078,"133 km W of Bengkulu, Indonesia",0
-4.395,101.682,"southern Sumatra, Indonesia",0
-4.381,102.199,"64 km S of Bengkulu, Indonesia",1
-4.192,101.633,"82 km WSW of Bengkulu, Indonesia",0
4.049,96.088,"11 km SSW of Meulaboh, Indonesia",1
-4.885,102.626,"117 km SW of Pagar Alam, Indonesia",1
-5.362,102.186,"172 km S of Bengkulu, Indonesia",0
-4.9,102.448,"123 km S of Bengkulu, Indonesia",0
-5.087,102.726,"130 km SSW of Pagar Alam, Indonesia",1
-5.134,102.462,"149 km S of Bengkulu, Indonesia",0
-4.781,102.743,"100 km SW of Pagar Alam, Indonesia",1
-5.164,102.488,"151 km SW of Pagar Alam, Indonesia",0
-5.308,102.55,"161 km SSW of Pagar Alam, Indonesia",0
-5.023,102.727,"124 km SSW of Pagar Alam, Indonesia",0
-5.154,102.146,"150 km S of Bengkulu, Indonesia",0
-4.68,102.562,"102 km SSE of Bengkulu, Indonesia",0
-5.921,103.768,"172 km SW of Kotabumi, Indonesia",0
-5.888,103.277,"206 km S of Pagar Alam, Indonesia",0
-5.893,103.304,"206 km S of Pagar Alam, Indonesia",0
-5.911,103.767,"172 km SW of Kotabumi, Indonesia",1
-4.046,101.746,"63 km WSW of Bengkulu, Indonesia",1
-4.194,101.604,"85 km WSW of Bengkulu, Indonesia",1
-4.308,101.648,"88 km SW of Bengkulu, Indonesia",0
-4.347,101.633,"92 km SW of Bengkulu, Indonesia",0
-4.308,101.452,"106 km WSW of Bengkulu, Indonesia",0
-4.197,101.614,"84 km WSW of Bengkulu, Indonesia",0
-4.022,101.776,"59 km WSW of Bengkulu, Indonesia",0
-3.957,101.746,"60 km WSW of Bengkulu, Indonesia",0
-4.864,102.599,"117 km SW of Pagar Alam, Indonesia",0
-1.714,100.584,"88 km SSE of Padang, Indonesia",1
-5.627,103.015,"179 km S of Pagar Alam, Indonesia",0
-5.482,101.725,"195 km SSW of Bengkulu, Indonesia",0
-4.245,101.53,"95 km WSW of Bengkulu, Indonesia",0
-4.494,102.333,"77 km S of Bengkulu, Indonesia",0
-4.964,102.104,"129 km S of Bengkulu, Indonesia",0
-5.435,101.823,"187 km SSW of Bengkulu, Indonesia",0
-4.433,102.063,"73 km SSW of Bengkulu, Indonesia",0
1.438,96.591,"117 km SSE of Sinabang, Indonesia",0
3.113,96.438,"70 km N of Sinabang, Indonesia",0
-5.202,102.706,"143 km SSW of Pagar Alam, Indonesia",0
-5.561,102.886,"174 km SSW of Pagar Alam, Indonesia",0
-4.07,102.37,"31 km SSE of Bengkulu, Indonesia",1
4.248,96.213,"14 km NE of Meulaboh, Indonesia",0
-5.193,102.177,"154 km S of Bengkulu, Indonesia",0
-5.408,102.7,"164 km SSW of Pagar Alam, Indonesia",0
-4.627,101.968,"97 km SSW of Bengkulu, Indonesia",0
-4.458,101.972,"79 km SSW of Bengkulu, Indonesia",0
-4.843,101.839,"124 km SSW of Bengkulu, Indonesia",0
-4.908,102.179,"122 km S of Bengkulu, Indonesia",0
-5.65,102.844,"185 km SSW of Pagar Alam, Indonesia",0
-5.215,102.696,"145 km SSW of Pagar Alam, Indonesia",0
-4.958,102.683,"120 km SSW of Pagar Alam, Indonesia",0
-5.019,102.604,"131 km SSW of Pagar Alam, Indonesia",0
-5.029,102.152,"136 km S of Bengkulu, Indonesia",0
-5.543,101.491,"210 km SSW of Bengkulu, Indonesia",0
-4.928,102.229,"124 km S of Bengkulu, Indonesia",0
-4.969,102.22,"southern Sumatra, Indonesia",0
-4.478,102.052,"78 km SSW of Bengkulu, Indonesia",0
-5.597,102.667,"185 km SSW of Pagar Alam, Indonesia",0
-5.549,102.679,"179 km SSW of Pagar Alam, Indonesia",0
-5.013,102.723,"123 km SSW of Pagar Alam, Indonesia",0
-5.365,102.762,"157 km SSW of Pagar Alam, Indonesia",0
-5.33,102.754,"154 km SSW of Pagar Alam, Indonesia",0
-5.519,102.827,"171 km SSW of Pagar Alam, Indonesia",0
-4.354,102.187,"61 km S of Bengkulu, Indonesia",0
-4.473,101.884,"85 km SSW of Bengkulu, Indonesia",0
-4.649,101.985,"98 km SSW of Bengkulu, Indonesia",0
-4.505,101.902,"87 km SSW of Bengkulu, Indonesia",0
-4.612,101.905,"98 km SSW of Bengkulu, Indonesia",0
-5.093,102.699,"132 km SSW of Pagar Alam, Indonesia",0
-5.001,102.695,"124 km SSW of Pagar Alam, Indonesia",0
-4.405,102.129,"68 km SSW of Bengkulu, Indonesia",0
-4.141,102.011,"47 km SW of Bengkulu, Indonesia",0
-4.392,102.329,"65 km S of Bengkulu, Indonesia",0
-4.423,102.318,"69 km S of Bengkulu, Indonesia",0
-4.343,102.232,"60 km S of Bengkulu, Indonesia",0
-4.463,102.135,"74 km S of Bengkulu, Indonesia",0
-4.909,102.656,"117 km SW of Pagar Alam, Indonesia",0
-4.407,102.248,"67 km S of Bengkulu, Indonesia",0
-4.463,102.136,"74 km S of Bengkulu, Indonesia",0
-4.532,102.421,"82 km SSE of Bengkulu, Indonesia",0
-5.605,102.886,"179 km SSW of Pagar Alam, Indonesia",0
-4.544,102.338,"82 km S of Bengkulu, Indonesia",0
-4.983,102.308,"130 km S of Bengkulu, Indonesia",0
-4.875,102.7,"111 km SSW of Pagar Alam, Indonesia",0
-4.968,102.208,"129 km S of Bengkulu, Indonesia",0
-4.801,102.09,"112 km S of Bengkulu, Indonesia",0
-4.821,102.184,"113 km S of Bengkulu, Indonesia",0
-4.588,101.873,"97 km SSW of Bengkulu, Indonesia",0
-4.526,102.033,"84 km SSW of Bengkulu, Indonesia",0
-5.157,102.58,"145 km SSW of Pagar Alam, Indonesia",0
-4.963,102.099,"129 km S of Bengkulu, Indonesia",0
-5.291,102.693,"152 km SSW of Pagar Alam, Indonesia",0
-5.634,102.96,"180 km S of Pagar Alam, Indonesia",0
-4.646,102.102,"95 km S of Bengkulu, Indonesia",0
-4.721,102.087,"103 km S of Bengkulu, Indonesia",0
-0.909,98.068,"230 km W of Pariaman, Indonesia",0
-0.846,97.996,"237 km W of Pariaman, Indonesia",0
2.489,97.221,"66 km WNW of Singkil, Indonesia",0
4.738,96.007,"61 km SSW of Reuleuet, Indonesia",0
-1.227,98.877,"153 km WSW of Pariaman, Indonesia",0
-4.986,103.352,"106 km S of Pagar Alam, Indonesia",0
-4.742,103.083,"81 km SSW of Pagar Alam, Indonesia",1
-4.028,103.321,"8 km E of Pagar Alam, Indonesia",0
-4.135,102.369,"38 km SSE of Bengkulu, Indonesia",1
1.935,98.035,"47 km SE of Singkil, Indonesia",1
3.367,96.039,"86 km S of Meulaboh, Indonesia",0
4.931,95.848,"51 km SSW of Sigli, Indonesia",0
4.033,95.283,"94 km W of Meulaboh, Indonesia",1
-4.796,101.938,"southern Sumatra, Indonesia",0
-4.765,101.965,"111 km SSW of Bengkulu, Indonesia",0
-5.157,102.957,"129 km SSW of Pagar Alam, Indonesia",1
-4.877,103.104,"95 km S of Pagar Alam, Indonesia",0
-4.449,102.597,"80 km SSE of Bengkulu, Indonesia",0
-5.929,105.406,"57 km SSE of Bandar Lampung, Indonesia",0
-4.687,103.065,"75 km SSW of Pagar Alam, Indonesia",1
-2.191,99.633,"159 km SSW of Padang, Indonesia",0
-2.231,99.477,"172 km SW of Padang, Indonesia",0
-0.544,99.261,"95 km W of Pariaman, Indonesia",1
-1.954,99.618,"138 km SW of Padang, Indonesia",0
-4.544,101.827,"95 km SSW of Bengkulu, Indonesia",0
-5.405,102.523,"172 km SSW of Pagar Alam, Indonesia",0
-4.956,103.189,"103 km S of Pagar Alam, Indonesia",1
-1.972,99.909,"123 km SSW of Padang, Indonesia",0
4.358,96.494,"47 km ENE of Meulaboh, Indonesia",0
1.07,97.595,"136 km S of Singkil, Indonesia",0
1.071,97.599,"136 km S of Singkil, Indonesia",0
-4.094,102.151,"34 km SSW of Bengkulu, Indonesia",0
2.882,97.329,"83 km NW of Singkil, Indonesia",1
-1.871,99.737,"122 km SW of Padang, Indonesia",0
-3.15,101.547,"107 km NW of Bengkulu, Indonesia",0
4.606,96.141,"51 km N of Meulaboh, Indonesia",0
1.657,97.951,"72 km SSE of Singkil, Indonesia",0
-5.885,105.584,"60 km NNW of Labuan, Indonesia",0
-4.736,103.195,"78 km S of Pagar Alam, Indonesia",1
3.01,96.216,"61 km NNW of Sinabang, Indonesia",0
3.445,97.943,"62 km WSW of Binjai, Indonesia",0
2.783,96.073,"47 km NW of Sinabang, Indonesia",0
-1.956,99.622,"137 km SW of Padang, Indonesia",0
-2.017,99.675,"140 km SSW of Padang, Indonesia",0
-4.537,101.934,"89 km SSW of Bengkulu, Indonesia",0
-5.114,103.2,"120 km S of Pagar Alam, Indonesia",1
3.09,95.915,"84 km NW of Sinabang, Indonesia",0
-3.682,101.924,"40 km WNW of Bengkulu, Indonesia",1
-4.92,103.22,"99 km S of Pagar Alam, Indonesia",0
-2.107,101.642,"28 km ESE of Sungai Penuh, Indonesia",0
-2.045,101.436,"5 km ENE of Sungai Penuh, Indonesia",0
3.463,97.273,"127 km WSW of Pangkalan Brandan, Indonesia",0
-5.561,104.062,"121 km SW of Kotabumi, Indonesia",1
3.427,96.414,"85 km SSE of Meulaboh, Indonesia",0
3.05,95.845,"86 km NW of Sinabang, Indonesia",0
1.29,97.883,"110 km S of Singkil, Indonesia",1
-5.112,102.689,"135 km SSW of Pagar Alam, Indonesia",1
-4.745,103.227,"79 km S of Pagar Alam, Indonesia",0
-5.829,104.661,"79 km WSW of Bandar Lampung, Indonesia",1
-1.952,99.816,"126 km SSW of Padang, Indonesia",1
-0.518,99.159,"107 km W of Pariaman, Indonesia",1
3.019,96.192,"63 km NNW of Sinabang, Indonesia",0
-5.278,101.426,"188 km SSW of Bengkulu, Indonesia",0
-4.708,102.2,"100 km S of Bengkulu, Indonesia",1
-5.347,102.831,"153 km SSW of Pagar Alam, Indonesia",0
-3.177,101.466,"112 km NW of Bengkulu, Indonesia",1
-1.724,99.785,"106 km SW of Padang, Indonesia",1
-1.884,99.557,"136 km SW of Padang, Indonesia",0
-5.792,104.436,"99 km WSW of Bandar Lampung, Indonesia",1
-1.971,99.532,"145 km SW of Padang, Indonesia",0
-2.064,99.736,"141 km SSW of Padang, Indonesia",0
-1.902,99.618,"133 km SW of Padang, Indonesia",0
-2.116,99.521,"158 km SW of Padang, Indonesia",0
-2.077,99.509,"156 km SW of Padang, Indonesia",0
-2.056,99.669,"144 km SSW of Padang, Indonesia",0
-2.008,99.77,"133 km SSW of Padang, Indonesia",0
-2.06,99.731,"141 km SSW of Padang, Indonesia",0
-1.116,97.487,"298 km W of Pariaman, Indonesia",0
-3.774,101.509,"84 km W of Bengkulu, Indonesia",1
-4.807,103.195,"86 km S of Pagar Alam, Indonesia",1
-4.967,104.302,"66 km WSW of Kotabumi, Indonesia",0
-0.73,98.5,"180 km W of Pariaman, Indonesia",0
-0.591,98.601,"169 km W of Pariaman, Indonesia",0
-3.58,101.601,"77 km WNW of Bengkulu, Indonesia",1
-1.681,100.573,"84 km SSE of Padang, Indonesia",1
-5.225,102.829,"140 km SSW of Pagar Alam, Indonesia",0
1.461,97.536,"95 km SSW of Singkil, Indonesia",0
2.888,96.203,"49 km NNW of Sinabang, Indonesia",1
2.986,96.122,"62 km NNW of Sinabang, Indonesia",0
-1.629,99.615,"111 km SW of Padang, Indonesia",0
-3.301,100.838,"150 km SSW of Sungai Penuh, Indonesia",1
-1.556,99.007,"161 km SW of Pariaman, Indonesia",0
-4.834,101.916,"120 km SSW of Bengkulu, Indonesia",0
3.144,97.633,"95 km W of Kabanjahe, Indonesia",1
-5.569,103.164,"170 km S of Pagar Alam, Indonesia",0
-4.069,102.16,"31 km SSW of Bengkulu, Indonesia",1
2.4,96.269,"15 km SW of Sinabang, Indonesia",0
-5.91,103.712,"176 km SW of Kotabumi, Indonesia",1
-5.388,102.556,"169 km SSW of Pagar Alam, Indonesia",0
-5.488,102.626,"175 km SSW of Pagar Alam, Indonesia",0
-5.586,102.81,"179 km SSW of Pagar Alam, Indonesia",0
-2.173,100.882,"58 km WSW of Sungai Penuh, Indonesia",1
-4.369,102.839,"59 km SW of Pagar Alam, Indonesia",1
-5.311,102.974,"145 km SSW of Pagar Alam, Indonesia",1
-4.198,102.045,"50 km SSW of Bengkulu, Indonesia",0
-5.608,102.718,"184 km SSW of Pagar Alam, Indonesia",0
-5.61,102.881,"179 km SSW of Pagar Alam, Indonesia",0
-5.454,103.001,"160 km S of Pagar Alam, Indonesia",0
-1.851,97.741,"297 km WSW of Pariaman, Indonesia",0
-5.775,103.076,"194 km S of Pagar Alam, Indonesia",0
-5.684,103.162,"183 km S of Pagar Alam, Indonesia",0
-5.72,103.156,"187 km S of Pagar Alam, Indonesia",0
-4.158,102.157,"41 km SSW of Bengkulu, Indonesia",1
-4.893,103.185,"96 km S of Pagar Alam, Indonesia",1
-0.346,98.091,"227 km W of Pariaman, Indonesia",0
1.134,96.792,"155 km SSE of Sinabang, Indonesia",0
-2.695,101.106,"77 km SSW of Sungai Penuh, Indonesia",1
0.945,97.408,"154 km SSW of Singkil, Indonesia",0
-4.733,103.217,"78 km S of Pagar Alam, Indonesia",0
3.778,95.213,"109 km WSW of Meulaboh, Indonesia",0
3.827,95.374,"90 km WSW of Meulaboh, Indonesia",0
3.775,95.932,"46 km SSW of Meulaboh, Indonesia",1
-5.217,102.645,"147 km SSW of Pagar Alam, Indonesia",1
-1.068,99.843,"58 km WSW of Padang, Indonesia",1
-5.355,102.561,"165 km SSW of Pagar Alam, Indonesia",0
-5.965,103.914,"160 km WSW of Bandar Lampung, Indonesia",1
-3.245,98.38,"southwest of Sumatra, Indonesia",0
-4.884,101.873,"127 km SSW of Bengkulu, Indonesia",0
-5.639,102.625,"191 km SSW of Pagar Alam, Indonesia",1
-3.984,102.369,"23 km SSE of Bengkulu, Indonesia",1
-0.35,99.324,"93 km WNW of Pariaman, Indonesia",1
2.642,96.118,"34 km WNW of Sinabang, Indonesia",0
-1.879,100.4,"102 km S of Padang, Indonesia",1
2.236,97.06,"80 km ESE of Sinabang, Indonesia",0
0.571,98.549,"120 km SW of Padangsidempuan, Indonesia",1
-5.837,102.259,"225 km S of Bengkulu, Indonesia",0
-4.139,102.363,"38 km SSE of Bengkulu, Indonesia",1
3.942,97.343,"90 km SW of Langsa, Indonesia",1
3.923,97.349,"91 km SW of Langsa, Indonesia",1
3.909,97.291,"97 km SW of Langsa, Indonesia",1
3.982,97.324,"89 km SW of Langsa, Indonesia",0
3.908,97.457,"84 km SW of Langsa, Indonesia",1
-1.897,100.102,"108 km SSW of Padang, Indonesia",1
-1.602,99.479,"121 km SW of Padang, Indonesia",1
-3.551,100.83,"161 km W of Bengkulu, Indonesia",0
3.734,95.793,"58 km SW of Meulaboh, Indonesia",1
-5.456,102.271,"183 km S of Bengkulu, Indonesia",1
-5.917,103.796,"170 km SW of Kotabumi, Indonesia",1
4.306,96.46,"41 km ENE of Meulaboh, Indonesia",0
-0.478,98.315,"201 km W of Pariaman, Indonesia",0
-3.528,101.638,"75 km WNW of Bengkulu, Indonesia",1
4.552,95.238,"northern Sumatra, Indonesia",1
-3.39,100.799,"161 km SSW of Sungai Penuh, Indonesia",1
-0.358,99.144,"112 km WNW of Pariaman, Indonesia",1
-5.236,102.52,"156 km SSW of Pagar Alam, Indonesia",0
-4.21,102.302,"45 km S of Bengkulu, Indonesia",1
3.885,96.1,"28 km S of Meulaboh, Indonesia",1
-4.436,102.965,"55 km SW of Pagar Alam, Indonesia",1
-4.906,103.119,"98 km S of Pagar Alam, Indonesia",1
3.097,96.238,"69 km NNW of Sinabang, Indonesia",0
3.251,96.404,"85 km N of Sinabang, Indonesia",0
-5.127,102.72,"135 km SSW of Pagar Alam, Indonesia",1
-3.947,99.302,"southwest of Sumatra, Indonesia",0
-5.774,102.786,"200 km SSW of Pagar Alam, Indonesia",0
2.706,96.101,"39 km NW of Sinabang, Indonesia",0
2.774,96.143,"41 km NW of Sinabang, Indonesia",0
4.695,95.907,"65 km NNW of Meulaboh, Indonesia",0
-4.497,102.018,"81 km SSW of Bengkulu, Indonesia",1
-4.2,101.366,"109 km WSW of Bengkulu, Indonesia",0
-5.494,102.976,"165 km S of Pagar Alam, Indonesia",0
-4.187,101.503,"94 km WSW of Bengkulu, Indonesia",0
-4.21,101.37,"109 km WSW of Bengkulu, Indonesia",0
-4.294,101.363,"114 km WSW of Bengkulu, Indonesia",0
-4.354,101.413,"112 km WSW of Bengkulu, Indonesia",0
3.153,96.255,"75 km N of Sinabang, Indonesia",1
-5.609,102.795,"182 km SSW of Pagar Alam, Indonesia",0
4.796,95.214,"83 km S of Banda Aceh, Indonesia",1
1.868,97.129,"Nias region, Indonesia",0
-5.607,102.699,"185 km SSW of Pagar Alam, Indonesia",1
-4.702,101.856,"109 km SSW of Bengkulu, Indonesia",0
-5.824,103.142,"199 km S of Pagar Alam, Indonesia",0
4.697,96.201,"58 km S of Reuleuet, Indonesia",1
-1.131,98.223,"218 km WSW of Pariaman, Indonesia",0
-4.438,101.544,"106 km SW of Bengkulu, Indonesia",0
-2.283,99.976,"Kepulauan Mentawai region, Indonesia",0
-5.341,103.147,"145 km S of Pagar Alam, Indonesia",1
-5.966,105.533,"56 km NW of Labuan, Indonesia",1
0.576,98.596,"116 km SW of Padangsidempuan, Indonesia",1
2.587,96.127,"30 km WNW of Sinabang, Indonesia",1
3.366,96.397,"91 km SSE of Meulaboh, Indonesia",1
-1.334,99.609,"93 km WSW of Padang, Indonesia",1
-4.645,101.737,"110 km SSW of Bengkulu, Indonesia",1
-5.964,105.53,"56 km NW of Labuan, Indonesia",0
-5.729,104.183,"123 km WSW of Bandar Lampung, Indonesia",1
-5.729,104.239,"117 km WSW of Bandar Lampung, Indonesia",0
4.026,95.382,"83 km W of Meulaboh, Indonesia",1
-5.691,103.914,"143 km SW of Kotabumi, Indonesia",0
-4.615,101.96,"96 km SSW of Bengkulu, Indonesia",1
-5.066,102.652,"132 km SSW of Pagar Alam, Indonesia",1
-2.229,100.033,"145 km SSW of Padang, Indonesia",0
2.052,99.086,"48 km NE of Sibolga, Indonesia",0
-3.056,101.579,"112 km NW of Bengkulu, Indonesia",1
2.244,98.866,"45 km S of Tomok Bolon, Indonesia",0
4.29,95.161,"108 km W of Meulaboh, Indonesia",1
-4.924,103.255,"99 km S of Pagar Alam, Indonesia",1
-4.704,103.251,"75 km S of Pagar Alam, Indonesia",1
-5.069,102.814,"125 km SSW of Pagar Alam, Indonesia",0
-5.073,102.691,"131 km SSW of Pagar Alam, Indonesia",1
2.911,96.13,"55 km NNW of Sinabang, Indonesia",0
-1.075,98.265,"212 km WSW of Pariaman, Indonesia",0
4.417,96.37,"40 km NE of Meulaboh, Indonesia",0
0.111,100.237,"48 km NNW of Bukittinggi, Indonesia",1
-4.72,101.819,"113 km SSW of Bengkulu, Indonesia",0
2.041,97.997,"35 km SE of Singkil, Indonesia",1
-5.842,104.275,"118 km WSW of Bandar Lampung, Indonesia",0
-3.904,103.461,"15 km SW of Lahat, Indonesia",0
1.649,95.26,"154 km SW of Sinabang, Indonesia",0
-5.947,104.234,"127 km WSW of Bandar Lampung, Indonesia",0
-5.801,104.288,"115 km WSW of Bandar Lampung, Indonesia",0
-5.71,104.266,"114 km WSW of Bandar Lampung, Indonesia",1
-5.763,104.191,"124 km WSW of Bandar Lampung, Indonesia",0
-0.412,97.657,"267 km SW of Padangsidempuan, Indonesia",0
-5.713,103.11,"187 km S of Pagar Alam, Indonesia",0
3.954,96.028,"23 km SSW of Meulaboh, Indonesia",1
-5.433,104.825,"48 km W of Bandar Lampung, Indonesia",0
-5.692,101.721,"217 km SSW of Bengkulu, Indonesia",0
-4.307,101.209,"130 km WSW of Bengkulu, Indonesia",0
-5.729,104.128,"129 km WSW of Bandar Lampung, Indonesia",1
-5.905,104.563,"93 km SW of Bandar Lampung, Indonesia",0
-3.7,101.882,"44 km WNW of Bengkulu, Indonesia",1
-5.944,103.964,"154 km WSW of Bandar Lampung, Indonesia",0
-4.949,101.804,"136 km SSW of Bengkulu, Indonesia",0
-4.951,101.801,"137 km SSW of Bengkulu, Indonesia",0
0.156,97.872,"202 km SSW of Sibolga, Indonesia",0
0.268,97.943,"187 km SSW of Sibolga, Indonesia",0
0.197,98.027,"190 km SSW of Sibolga, Indonesia",0
0.849,97.529,"161 km S of Singkil, Indonesia",1
-5.867,105.539,"57 km SSE of Bandar Lampung, Indonesia",1
1.898,99.179,"47 km ENE of Sibolga, Indonesia",0
1.761,99.075,"32 km E of Sibolga, Indonesia",0
-5.333,102.865,"150 km SSW of Pagar Alam, Indonesia",1
-5.877,104.063,"southern Sumatra, Indonesia",1
-5.796,104.169,"127 km WSW of Bandar Lampung, Indonesia",0
-5.914,103.961,"153 km WSW of Bandar Lampung, Indonesia",0
-4.672,102.663,"96 km SW of Pagar Alam, Indonesia",1
-5.12,102.402,"146 km S of Bengkulu, Indonesia",0
-4.743,102.489,"107 km SSE of Bengkulu, Indonesia",1
-5.779,104.506,"92 km WSW of Bandar Lampung, Indonesia",1
-4.67,102.064,"98 km SSW of Bengkulu, Indonesia",0
-5.818,103.163,"198 km S of Pagar Alam, Indonesia",0
-5.231,102.92,"138 km SSW of Pagar Alam, Indonesia",0
-4.741,103.082,"81 km SSW of Pagar Alam, Indonesia",1
-1.805,99.595,"126 km SW of Padang, Indonesia",0
3.484,95.794,"81 km SSW of Meulaboh, Indonesia",1
-5.251,103.056,"137 km S of Pagar Alam, Indonesia",1
-3.23,101.14,"132 km SSW of Sungai Penuh, Indonesia",1
-3.151,101.227,"122 km S of Sungai Penuh, Indonesia",1
-4.846,103.153,"91 km S of Pagar Alam, Indonesia",1
2.967,96.1,"62 km NNW of Sinabang, Indonesia",1
-4.355,102.167,"62 km S of Bengkulu, Indonesia",1
2.857,97.494,"70 km NNW of Singkil, Indonesia",1
-4.714,103.061,"78 km SSW of Pagar Alam, Indonesia",1
-5.487,102.782,"169 km SSW of Pagar Alam, Indonesia",0
-5.106,102.375,"144 km S of Bengkulu, Indonesia",0
2.475,97.018,"70 km E of Sinabang, Indonesia",0
-4.596,101.915,"96 km SSW of Bengkulu, Indonesia",0
4.374,97.755,"25 km WSW of Langsa, Indonesia",1
-5.045,102.156,"138 km S of Bengkulu, Indonesia",0
-1.012,100.285,"10 km SW of Padang, Indonesia",1
-4.508,102.702,"80 km SW of Pagar Alam, Indonesia",1
-4.707,103.234,"75 km S of Pagar Alam, Indonesia",1
-5.695,103.315,"184 km S of Pagar Alam, Indonesia",0
-5.164,102.5,"150 km SSW of Pagar Alam, Indonesia",1
-5.169,104.217,"82 km WSW of Kotabumi, Indonesia",1
-3.492,99.617,"253 km SW of Sungai Penuh, Indonesia",0
-4.759,102.29,"106 km S of Bengkulu, Indonesia",0
-5.221,102.924,"137 km SSW of Pagar Alam, Indonesia",1
-5.419,102.933,"158 km SSW of Pagar Alam, Indonesia",0
-5.429,102.908,"159 km SSW of Pagar Alam, Indonesia",0
2.059,98.07,"40 km SE of Singkil, Indonesia",1
0.148,97.311,"240 km SW of Sibolga, Indonesia",0
-5.394,101.146,"215 km SW of Bengkulu, Indonesia",0
-5.454,102.951,"161 km SSW of Pagar Alam, Indonesia",1
-5.366,103.118,"148 km S of Pagar Alam, Indonesia",0
-5.125,102.41,"147 km S of Bengkulu, Indonesia",0
3.905,95.629,"61 km WSW of Meulaboh, Indonesia",0
-4.998,103.056,"109 km S of Pagar Alam, Indonesia",1
-2.791,101.199,"southern Sumatra, Indonesia",1
-4.954,103.105,"103 km S of Pagar Alam, Indonesia",1
-5.209,102.689,"144 km SSW of Pagar Alam, Indonesia",1
-5.067,102.933,"120 km SSW of Pagar Alam, Indonesia",1
-5.299,102.106,"166 km S of Bengkulu, Indonesia",0
-4.927,101.838,"133 km SSW of Bengkulu, Indonesia",0
-1.75,100.513,"90 km SSE of Padang, Indonesia",1
-5.589,103.167,"173 km S of Pagar Alam, Indonesia",0
4.028,97.555,"66 km SW of Langsa, Indonesia",0
-4.29,102.051,"59 km SSW of Bengkulu, Indonesia",1
-3.152,102.559,"35 km N of Curup, Indonesia",1
-4.022,101.233,"117 km WSW of Bengkulu, Indonesia",0
-3.221,102.245,"41 km NW of Curup, Indonesia",0
-3.351,102.536,"13 km N of Curup, Indonesia",0
-3.299,102.712,"16 km W of Lubuklinggau, Indonesia",0
-4.437,102.015,"75 km SSW of Bengkulu, Indonesia",1
-5.877,102.791,"210 km SSW of Pagar Alam, Indonesia",1
-5.709,103.044,"187 km S of Pagar Alam, Indonesia",0
-4.457,98.729,"southwest of Sumatra, Indonesia",0
-4.426,98.757,"southwest of Sumatra, Indonesia",0
-5.956,103.644,"185 km SW of Kotabumi, Indonesia",1
-4.106,101.223,"120 km WSW of Bengkulu, Indonesia",0
-0.926,97.286,"Kepulauan Batu, Indonesia",0
-4.191,102.44,"47 km SSE of Bengkulu, Indonesia",0
-1.931,100.399,"108 km S of Padang, Indonesia",1
-0.386,98.249,"209 km W of Pariaman, Indonesia",0
-1.21,98.215,"221 km WSW of Pariaman, Indonesia",0
-1.244,98.129,"232 km WSW of Pariaman, Indonesia",0
-4.056,102.413,"32 km SSE of Bengkulu, Indonesia",1
5.228,96.327,"5 km ENE of Reuleuet, Indonesia",0
-4.23,101.002,"148 km WSW of Bengkulu, Indonesia",0
-5.603,103.293,"174 km S of Pagar Alam, Indonesia",0
0.371,96.818,"237 km SSW of Singkil, Indonesia",0
-4.047,101.253,"115 km WSW of Bengkulu, Indonesia",0
-4.08,101.252,"116 km WSW of Bengkulu, Indonesia",0
2.016,97.196,"72 km WSW of Singkil, Indonesia",1
-5.839,105.554,"55 km SE of Bandar Lampung, Indonesia",0
-4.024,102.409,"29 km SSE of Bengkulu, Indonesia",1
-0.416,97.028,"Kepulauan Batu, Indonesia",0
-0.845,98.087,"227 km W of Pariaman, Indonesia",0
-5.149,102.28,"149 km S of Bengkulu, Indonesia",0
-5.078,102.278,"141 km S of Bengkulu, Indonesia",0
-5.032,102.372,"136 km S of Bengkulu, Indonesia",0
-5.06,102.356,"139 km S of Bengkulu, Indonesia",0
-5.124,102.808,"130 km SSW of Pagar Alam, Indonesia",0
-5.254,102.792,"144 km SSW of Pagar Alam, Indonesia",0
-5.854,103.969,"150 km WSW of Bandar Lampung, Indonesia",1
3.239,96.473,"84 km N of Sinabang, Indonesia",0
-2.433,99.989,"161 km WSW of Sungai Penuh, Indonesia",0
-1.679,99.714,"107 km SW of Padang, Indonesia",0
-2.772,96.48,"southwest of Sumatra, Indonesia",0
-4.649,102.938,"77 km SSW of Pagar Alam, Indonesia",1
-4.981,102.489,"132 km S of Bengkulu, Indonesia",0
3.511,95.892,"74 km SSW of Meulaboh, Indonesia",0
-4.353,102.022,"66 km SSW of Bengkulu, Indonesia",0
-4.278,102.728,"64 km WSW of Pagar Alam, Indonesia",0
0.482,98.733,"Nias region, Indonesia",0
-2.362,99.984,"160 km WSW of Sungai Penuh, Indonesia",0
1.967,98.063,"46 km SE of Singkil, Indonesia",1
-4.6,102.234,"88 km S of Bengkulu, Indonesia",1
-2.268,100.833,"66 km WSW of Sungai Penuh, Indonesia",1
-3.396,100.738,"165 km SSW of Sungai Penuh, Indonesia",1
-3.102,101.486,"116 km NW of Bengkulu, Indonesia",0
4.174,95.76,"northern Sumatra, Indonesia",1
4.237,95.774,"40 km WNW of Meulaboh, Indonesia",1
0.665,98.676,"103 km SW of Padangsidempuan, Indonesia",0
-4.444,101.975,"78 km SSW of Bengkulu, Indonesia",0
-5.211,102.927,"135 km SSW of Pagar Alam, Indonesia",0
-4.667,103.123,"72 km S of Pagar Alam, Indonesia",0
0.451,100.021,"92 km NNW of Bukittinggi, Indonesia",0
4.268,95.422,"79 km W of Meulaboh, Indonesia",0
-1.357,100.041,"56 km SW of Padang, Indonesia",0
-1.758,99.452,"134 km SW of Padang, Indonesia",0
4.125,95.139,"109 km W of Meulaboh, Indonesia",0
4.141,95.14,"109 km W of Meulaboh, Indonesia",0
4.03,95.144,"109 km W of Meulaboh, Indonesia",1
3.541,96.278,"68 km SSE of Meulaboh, Indonesia",0
3.37,96.313,"88 km SSE of Meulaboh, Indonesia",1
-5.273,102.648,"153 km SSW of Pagar Alam, Indonesia",0
4.836,96.967,"43 km SSW of Lhokseumawe, Indonesia",0
3.404,96.276,"83 km SSE of Meulaboh, Indonesia",1
3.444,96.182,"77 km S of Meulaboh, Indonesia",1
3.391,96.302,"northern Sumatra, Indonesia",0
-4.73,101.822,"113 km SSW of Bengkulu, Indonesia",0
3.445,96.497,"87 km SSE of Meulaboh, Indonesia",0
3.37,96.41,"91 km SSE of Meulaboh, Indonesia",1
3.353,96.205,"87 km S of Meulaboh, Indonesia",0
3.4,96.387,"87 km SSE of Meulaboh, Indonesia",0
3.369,96.234,"86 km S of Meulaboh, Indonesia",0
3.436,96.363,"82 km SSE of Meulaboh, Indonesia",1
3.184,96.439,"78 km N of Sinabang, Indonesia",0
3.396,96.404,"88 km SSE of Meulaboh, Indonesia",0
3.27,96.38,"87 km N of Sinabang, Indonesia",1
3.415,96.33,"83 km SSE of Meulaboh, Indonesia",0
3.67,96.839,"94 km ESE of Meulaboh, Indonesia",0
3.752,96.685,"75 km SE of Meulaboh, Indonesia",0
3.224,96.383,"82 km N of Sinabang, Indonesia",0
3.397,96.318,"85 km SSE of Meulaboh, Indonesia",0
1.678,97.276,"88 km SW of Singkil, Indonesia",1
-4.361,102.788,"63 km SW of Pagar Alam, Indonesia",1
-5.66,105.544,"40 km SE of Bandar Lampung, Indonesia",1
-4.484,103.126,"52 km SSW of Pagar Alam, Indonesia",0
4.199,96.461,"37 km E of Meulaboh, Indonesia",1
5.283,95.906,"12 km SSW of Sigli, Indonesia",0
-4.405,102.406,"68 km SSE of Bengkulu, Indonesia",1
-3.318,100.753,"156 km SSW of Sungai Penuh, Indonesia",0
-4.765,102.106,"108 km S of Bengkulu, Indonesia",0
-4.683,102.423,"99 km S of Bengkulu, Indonesia",0
-4.836,101.934,"120 km SSW of Bengkulu, Indonesia",0
-5.041,102.373,"137 km S of Bengkulu, Indonesia",0
-4.62,103.25,"65 km S of Pagar Alam, Indonesia",0
-4.826,102.07,"115 km S of Bengkulu, Indonesia",0
-4.83,102.095,"115 km S of Bengkulu, Indonesia",0
-4.882,102.198,"119 km S of Bengkulu, Indonesia",0
-4.931,102.197,"125 km S of Bengkulu, Indonesia",0
-2.222,101.903,"59 km ESE of Sungai Penuh, Indonesia",0
-4.806,102.139,"112 km S of Bengkulu, Indonesia",1
-0.978,98.012,"237 km W of Pariaman, Indonesia",0
-1.47,99.735,"89 km SW of Padang, Indonesia",0
-4.642,102.078,"95 km SSW of Bengkulu, Indonesia",0
-2.392,100.144,"143 km WSW of Sungai Penuh, Indonesia",0
-1.649,99.718,"104 km SW of Padang, Indonesia",0
-3.998,102.616,"44 km ESE of Bengkulu, Indonesia",0
-5.958,105.739,"47 km NNW of Labuan, Indonesia",1
-2.308,99.043,"209 km SW of Padang, Indonesia",0
1.92,98.021,"48 km SSE of Singkil, Indonesia",1
0.393,97.843,"181 km SW of Sibolga, Indonesia",0
-0.776,98.086,"227 km W of Pariaman, Indonesia",0
-4.139,102.827,"48 km WSW of Pagar Alam, Indonesia",0
-2.773,101.242,"80 km SSW of Sungai Penuh, Indonesia",1
-2.769,101.214,"81 km SSW of Sungai Penuh, Indonesia",1
2.829,98.975,"17 km SW of Pematangsiantar, Indonesia",0
3.094,95.815,"92 km NW of Sinabang, Indonesia",0
0.415,98.66,"126 km SSW of Padangsidempuan, Indonesia",0
-4.899,103.142,"97 km S of Pagar Alam, Indonesia",1
3.156,96.269,"75 km N of Sinabang, Indonesia",0
-4.471,101.928,"83 km SSW of Bengkulu, Indonesia",0
-2.264,99.686,"163 km SSW of Padang, Indonesia",0
-2.931,101.114,"101 km SSW of Sungai Penuh, Indonesia",0
-2.977,101.666,"106 km SSE of Sungai Penuh, Indonesia",1
1.294,98.555,"55 km SSW of Sibolga, Indonesia",1
1.271,97.669,"113 km S of Singkil, Indonesia",0
2.545,98.97,"13 km SSE of Parapat, Indonesia",0
0.551,96.594,"214 km S of Sinabang, Indonesia",0
4.774,95.726,"72 km SSW of Sigli, Indonesia",0
4.63,95.896,"northern Sumatra, Indonesia",1
-0.245,98.399,"195 km WNW of Pariaman, Indonesia",0
2.87,96.355,"43 km N of Sinabang, Indonesia",0
-1.347,100.629,"53 km SE of Padang, Indonesia",0
-5.2,102.64,"146 km SSW of Pagar Alam, Indonesia",0
-3.243,101.24,"129 km WNW of Bengkulu, Indonesia",1
-1.468,99.851,"80 km SW of Padang, Indonesia",1
-2.153,99.715,"150 km SSW of Padang, Indonesia",1
-5.193,103.235,"129 km S of Pagar Alam, Indonesia",1
-1.748,99.664,"117 km SW of Padang, Indonesia",0
-1.762,99.658,"118 km SW of Padang, Indonesia",0
-1.696,99.68,"111 km SW of Padang, Indonesia",0
